Unnamed: 0,LIMIT_BAL,SEX,EDUCATION,MARRIAGE,AGE,PAY_0,PAY_2,PAY_3,PAY_4,PAY_5,PAY_6,BILL_AMT1,BILL_AMT2,BILL_AMT3,BILL_AMT4,BILL_AMT5,BILL_AMT6,PAY_AMT1,PAY_AMT2,PAY_AMT3,PAY_AMT4,PAY_AMT5,PAY_AMT6,default payment next month
227,20000,1,2,2,23,1,2,0,0,2,0,20235,17132,16856,16875,13454,10104,0,1200,1000,0,1000,10000,1
522,20000,1,2,2,27,1,2,0,0,0,2,18649,18066,19040,19446,20759,20241,0,1594,1000,1606,0,300,0
675,30000,2,1,2,56,-1,0,0,-2,-2,-2,29033,17013,7024,7024,7024,7024,1283,7024,7024,7024,7024,7024,0
353,380000,1,2,2,34,0,0,0,0,0,0,194314,179206,193992,174675,171253,169121,9010,35000,5000,6000,5000,4400,0
916,260000,2,1,2,33,1,-2,-2,-2,-1,-1,0,0,0,0,1980,2500,0,0,0,1980,2500,0,0
651,280000,1,2,1,39,-2,-2,-2,-2,-2,-2,2082,3557,5623,5400,3866,3526,3597,5672,5427,3885,3543,3519,1
605,200000,2,2,1,34,-1,-1,-1,-1,-1,-1,390,390,390,561,390,390,390,390,561,390,390,390,0
857,260000,1,1,1,41,-2,-2,-1,0,0,0,1086,2853,38836,45087,47201,46199,3552,38836,20000,15000,15000,10000,0
41,210000,1,1,2,29,-2,-2,-2,-2,-2,-2,0,0,0,0,0,0,0,0,0,0,0,0,1
470,120000,2,2,1,32,-1,-1,-1,-1,-1,-1,4158,2682,0,6440,0,5930,2682,0,6440,0,5930,5120,0
655,280000,2,2,2,28,-1,2,-1,-1,0,-1,427,298,1179,1714,2875,1047,0,1179,1714,1290,1047,1000,0
92,360000,1,1,1,43,-1,-1,-1,-1,-1,0,3967,8322,3394,6451,26370,9956,8339,3394,12902,27000,0,68978,0
807,700000,2,1,1,39,0,0,0,0,-2,-1,99259,102345,109636,326,2016,61707,5000,10000,326,2016,61707,17785,0
530,50000,1,1,2,26,-2,-2,-2,-2,-2,-2,2411,3059,2333,1800,1620,0,3068,2440,1807,2204,0,0,0
786,30000,2,2,2,51,1,2,2,0,0,0,25382,26480,25761,25964,26507,27249,1800,0,928,960,1181,967,0
158,290000,1,3,1,47,-1,-1,-1,-1,0,-1,1234,396,396,792,396,423,396,396,792,0,423,369,0
951,160000,1,1,1,41,0,-1,0,0,2,2,117126,11222,15513,18087,17499,19939,15315,15000,3000,0,3000,0,0
569,160000,2,2,2,60,-2,-1,-1,0,-1,-1,3128,5156,1089,489,3177,1009,5156,1089,0,3177,1009,0,1
954,350000,1,1,2,35,-1,-1,-1,0,0,0,4439,33720,14283,16426,10833,2261,33891,16267,4027,234,1565,26346,0
191,50000,2,1,2,24,1,2,2,2,2,2,36166,37188,37680,38462,39228,40035,1900,1400,1700,1532,1600,0,1
102,80000,2,2,1,36,-1,-1,-1,-1,-1,-1,6108,2861,3277,3319,1150,1150,2861,3279,3319,1150,1150,1035,0
877,210000,2,2,1,49,1,-2,-2,-2,-2,-2,0,0,0,0,0,0,0,0,0,0,0,0,1
582,220000,1,1,1,43,1,-2,-2,-2,-2,-2,0,0,0,0,0,0,0,0,0,0,0,0,1
727,200000,1,2,1,38,0,0,0,0,0,0,152856,156104,158279,161934,165447,168802,6000,5000,5000,5000,4917,10000,0
38,10000,1,2,2,22,0,0,0,0,0,0,1877,3184,6003,3576,3670,4451,1500,2927,1000,300,1000,500,0
422,20000,2,3,2,49,2,2,2,2,0,0,9551,12081,13087,12583,15327,16414,3000,1500,0,3123,1500,1000,1
998,90000,2,2,1,40,-1,-1,-1,-1,-1,-1,4989,-818,1114,657,1332,780,0,2806,2256,2274,780,0,0
90,60000,2,2,2,23,0,0,0,0,0,0,45648,46850,47214,19595,19209,19323,1937,1301,682,690,816,835,0
430,360000,1,3,1,55,0,0,-1,-1,-1,-2,9210,8485,17231,1770,0,0,6015,17454,1775,0,0,0,0
787,70000,1,1,2,27,1,-1,-1,-1,-2,-1,-54,273,19,-254,-527,1096,600,19,0,0,1896,0,0
267,120000,1,1,1,34,-1,2,-1,0,0,0,1082,632,1350,900,450,0,0,1350,0,0,0,450,0
482,230000,2,1,1,42,-1,-1,-1,-1,-1,-1,6865,15111,13165,0,10500,6992,15111,13165,0,10500,6992,0,0
338,200000,2,1,2,29,-1,2,-1,-1,-1,2,2393,183,4847,20183,24815,24248,0,4872,20183,5000,0,1000,0
715,80000,2,2,2,48,0,0,0,0,0,0,45174,41885,42832,23799,11723,27236,3000,3413,2000,5000,17236,2000,0
219,320000,2,2,2,33,0,0,0,0,0,0,91653,94037,108597,65913,43805,33263,10042,18832,2117,2076,5045,3754,0
555,210000,2,3,1,53,0,0,0,0,0,0,57192,58472,59658,60466,61593,65163,2800,2753,2400,2255,4767,0,0
328,60000,2,1,2,28,1,2,0,0,0,0,10540,10232,11237,11427,20973,31857,0,1483,673,10000,11540,7000,0
182,360000,2,1,2,32,1,-1,-1,-1,-1,-1,2616,57077,5287,68445,13881,16240,57087,5295,68454,13889,16250,38313,0
578,160000,1,1,2,26,-1,-1,-1,-1,-1,-1,1433,3746,30258,1036,21572,9528,3757,30348,1044,21636,9556,6066,0
195,30000,2,3,2,22,1,2,2,0,0,0,29010,29256,28122,29836,1630,0,1000,85,1714,104,0,0,1
624,30000,1,3,1,48,0,0,0,0,0,0,29434,28960,29022,29201,29553,29693,1465,2000,1033,1200,1055,530,0
393,50000,2,2,2,22,-2,-2,-2,-2,-2,-2,0,0,0,848,0,632,0,0,848,0,632,0,0
653,190000,2,1,2,28,0,0,0,0,0,0,46923,48666,49347,50386,43883,34412,2500,2000,3000,2000,2000,2000,1
574,50000,1,2,2,36,0,0,0,0,0,0,5197,6015,6615,7131,6987,6980,1300,1100,1000,500,500,1000,0
704,20000,1,2,2,24,0,0,-1,2,0,0,10476,7279,688,688,688,1320,1000,688,0,0,650,0,0
885,390000,1,2,2,28,0,0,0,0,0,0,149445,139794,133224,106127,51097,38555,8046,5150,5297,5084,5065,5042,0
905,360000,2,1,2,27,0,-1,0,-1,-1,-1,79837,27456,68117,39105,54456,46153,27465,50154,39105,54456,46153,40000,0
31,160000,1,1,2,30,-1,-1,-2,-2,-2,-1,30265,-131,-527,-923,-1488,-1884,131,396,396,565,792,0,0
516,30000,2,1,1,31,0,0,0,0,0,0,16496,17522,18531,18744,19291,19818,1597,1606,819,1000,1000,1623,0
991,200000,1,1,2,39,-2,-2,-2,-2,-2,-2,-200,-200,-200,0,60800,0,0,0,200,60800,0,0,0
149,280000,2,2,1,56,0,0,0,0,0,0,208775,182350,132257,101783,177145,169311,8042,6700,5137,100000,7000,6321,0
924,180000,2,1,2,36,-2,-2,-2,-2,-2,-2,10737,21197,11936,40420,9210,17795,21197,11936,40420,9210,17795,6915,0
750,470000,2,2,1,36,-1,0,0,-1,-1,-1,873,1593,1518,285,688,2100,1005,1000,285,688,2100,1014,0
508,360000,1,1,2,28,-1,-1,-1,-1,-1,-1,20223,52962,3978,1743,2828,50537,53228,3997,1750,2853,51041,3219,0
218,300000,2,2,2,35,0,0,0,0,0,0,291619,297268,205629,215827,208464,212508,12019,9006,17000,12000,9557,15000,0
204,80000,2,2,2,24,0,0,0,0,0,0,81625,81554,79599,49552,49509,49568,3200,3000,2038,2000,1800,1800,1
711,50000,2,2,1,49,0,0,0,0,0,0,34962,32275,31253,32014,33573,29645,1613,2000,1500,2000,1645,1064,0
879,50000,1,3,2,57,0,0,0,0,0,0,47917,48455,48120,28450,29046,29647,1988,1989,1018,1054,1084,1048,0
417,440000,2,1,2,29,0,0,0,0,0,0,169661,167199,158520,156977,157963,151936,8071,9021,7013,6013,6028,6010,0
850,50000,2,3,2,49,0,0,0,0,0,0,4987,6741,9366,8566,10066,0,2000,3000,1500,1500,0,0,0
801,300000,2,1,1,36,0,0,0,0,-2,-1,25239,25001,20800,0,0,65755,1713,1000,0,0,65755,3000,0
665,20000,2,1,1,30,2,2,2,0,0,0,5766,7511,7678,7318,7458,7598,2000,500,0,500,500,0,1
855,20000,2,2,2,27,0,0,0,0,0,0,20218,19194,20112,19712,19712,6321,1482,1400,0,0,0,0,0
326,200000,2,2,1,37,1,-1,2,-1,-1,-1,-179,505,189,6773,23209,16893,1000,0,6900,24000,17000,2500,1
386,350000,1,1,1,38,1,-2,-2,-2,-2,-2,0,0,0,0,0,0,0,0,0,0,0,0,0
183,200000,2,3,2,47,2,2,2,2,2,2,199436,202947,193936,196186,200162,189915,8214,7000,6800,7134,0,6836,1
466,390000,2,3,2,35,0,0,0,0,0,0,355215,363325,373181,252195,257496,263018,13802,16525,8893,9229,10000,9435,1
636,280000,1,2,1,42,0,0,0,0,0,0,148363,148432,151310,141937,144990,147911,6900,6867,5500,5500,5500,5600,0
739,70000,1,1,2,51,0,0,0,2,0,0,43048,43257,44115,41112,39922,40150,3000,4000,0,1500,3000,5000,0
75,240000,2,2,2,44,1,-2,-2,-2,-2,-2,0,0,0,0,0,0,0,0,0,0,0,0,1
435,80000,2,1,2,23,0,0,0,0,0,0,77024,73281,57806,37642,46235,47110,3212,1600,956,40000,1800,1700,1
542,220000,2,1,1,41,1,-2,-2,-2,-2,-2,-65,-65,-65,-65,-65,-200,0,0,0,0,0,0,1
444,200000,1,4,1,42,0,0,0,0,0,0,38564,38246,32253,30384,30900,0,5000,1485,1956,1500,0,2102,0
320,360000,2,2,2,32,0,0,0,0,0,0,93029,94054,91834,95631,100123,100738,10000,7000,10000,10000,10000,10000,0
450,80000,1,2,2,42,0,0,0,0,0,0,78129,28202,78553,49340,48919,48443,2500,51432,1800,1800,1800,1700,0
301,110000,2,2,2,26,-2,-2,-2,-2,-2,-2,432,3220,5704,1256,1848,400,3220,5904,0,3000,0,0,0
975,150000,2,3,1,54,-1,0,0,0,2,0,148747,145231,145341,153833,151194,145738,5500,5500,11000,0,6000,5215,0
909,30000,1,3,1,45,0,0,2,0,0,0,17187,24045,23180,22000,22000,0,7900,0,0,0,0,0,0
213,80000,1,2,2,36,2,0,0,0,0,0,79278,78501,78534,80016,76235,78245,3100,3500,3400,3000,3500,3000,0
764,220000,1,2,1,40,-1,-1,-2,-2,-2,-2,158,0,0,0,0,612,0,0,0,0,612,1863,0
690,320000,1,2,1,37,-2,-2,-2,-2,-2,-2,43528,498,429,14257,5417,2967,500,431,14328,5439,2980,5028,0
969,150000,2,1,3,30,-2,-2,-2,-2,-2,-2,50,6527,2168,-7,1373,-1,8589,2500,0,1380,0,2050,0
454,230000,2,2,1,41,-1,-1,-1,-1,-1,-1,819,18163,5473,8162,6985,9130,18163,5654,12887,6985,9130,6554,0
11,50000,2,3,3,23,1,2,0,0,0,0,50614,29173,28116,28771,29531,30211,0,1500,1100,1200,1300,1100,0
765,200000,2,1,1,35,-2,-2,-2,-2,-2,-2,2257,4261,1265,2473,0,0,4266,1667,2473,0,0,0,0
851,30000,2,2,2,25,-2,-2,-2,-2,-2,-2,26957,26269,17036,27497,16098,7300,1333,2256,27497,787,200,0,0
170,360000,1,1,2,29,1,-2,-1,-1,-2,-2,0,0,77,0,0,0,0,77,0,0,0,0,0
868,500000,2,3,1,38,-2,-2,-2,-2,-2,-2,13655,8351,2340,2340,11435,189,8351,2340,2340,11435,189,5391,0
846,40000,2,2,2,23,0,0,0,2,2,6,20035,21406,24735,24050,43317,44059,2000,4000,0,20000,2000,0,0
820,40000,1,1,2,27,0,0,0,0,0,0,11058,11471,11776,12660,12660,12413,2000,1500,2330,2300,1000,2078,1
412,200000,2,1,2,31,-2,-2,-2,-2,-2,-2,7184,14845,1097,0,0,160,17507,1102,0,0,160,1103,0
800,220000,1,2,2,29,0,0,0,-2,-2,-2,31037,6244,0,0,0,0,3050,0,0,0,0,0,0
100,60000,2,2,2,26,2,2,2,2,2,0,56685,55208,59175,60218,55447,55305,0,5000,2511,6,3000,3000,0
313,260000,2,3,1,53,1,-1,-1,-2,-2,-1,0,165,526,452,397,485,165,526,452,397,485,459,0
692,50000,2,1,1,34,0,0,0,-1,0,0,27966,28539,11597,6611,7349,7570,1267,1553,7511,1000,343,1000,0
222,350000,1,3,1,44,-1,-1,-1,-1,-1,-2,3265,2686,1864,569,0,0,2686,1864,569,0,0,0,0
453,50000,1,1,2,32,-1,0,0,0,0,-2,23974,24131,25326,25775,0,0,1800,1900,1300,0,0,0,0
88,100000,2,1,2,27,-2,-2,-2,-2,-2,-2,-2000,5555,0,0,0,0,7555,0,0,0,0,0,0
944,470000,1,2,2,33,0,0,0,0,0,0,190258,181207,120318,129281,113437,164377,40012,10020,40069,25005,100000,51305,0
972,20000,1,2,2,25,1,2,2,0,0,0,6174,7543,7255,3887,5887,0,2000,28,0,2000,0,0,1
971,50000,2,2,2,22,0,0,0,0,0,0,49609,61162,31485,15281,18031,18233,2100,2000,4000,3000,1500,1000,0
306,400000,2,2,1,38,-1,0,-1,-1,0,-1,3697,3600,1354,5322,5103,2077,1000,1354,5322,6,2386,9085,0
108,280000,1,2,1,41,2,2,2,2,2,3,135673,138532,134813,144401,152174,149415,6500,0,14254,14850,0,5000,0
351,180000,1,2,1,45,-1,0,0,0,0,0,27679,28422,29650,29981,30419,31127,1481,2000,1100,1200,1500,1500,1
131,240000,1,2,1,34,0,0,0,2,2,2,10674,12035,13681,13269,14158,13891,1500,1800,0,1000,0,327,0
517,410000,2,2,2,27,1,-1,0,0,0,0,-58,32991,36465,44310,62408,61420,33049,16000,8700,18775,15000,5350,0
777,50000,1,2,1,27,-1,-1,2,-1,-1,-1,819,3003,1677,1177,1313,1085,2184,5,1180,1316,1088,0,0
955,250000,1,1,2,41,-1,-1,-1,0,-1,-1,1338,-24,8324,5872,23020,2367,0,8348,0,23020,2367,3117,1
400,160000,2,1,2,29,2,2,2,2,2,2,160432,163916,159676,166893,170098,153800,7500,0,11558,5800,0,5654,1
756,50000,2,2,2,52,1,2,0,0,0,2,43343,43360,23417,21969,21179,18711,1300,1400,920,1700,0,900,1
623,230000,1,1,1,39,-1,-1,-1,-1,-1,-1,660,660,660,660,660,660,660,660,660,660,660,660,0
274,50000,1,3,1,33,0,0,0,0,0,0,50859,50462,50654,20046,20067,19703,2007,2199,691,707,703,697,0
337,50000,1,2,2,36,0,0,0,0,-1,0,5916,6172,4123,680,978,978,1212,1200,0,978,0,0,0
645,20000,2,2,2,46,8,7,6,5,4,3,21075,20795,20206,19617,18737,18148,0,0,0,0,0,0,0
61,200000,1,1,1,57,-2,-2,-2,-1,2,2,152519,148751,144076,8174,8198,7918,0,0,8222,300,0,1000,1
512,70000,1,3,1,32,0,0,0,0,0,0,68739,67629,69188,68392,69884,71284,3060,3300,2610,2750,2750,5500,0
371,30000,1,3,1,58,0,0,0,0,0,0,19143,20168,21229,21495,21800,22437,1640,1700,915,800,1000,1961,0
234,240000,2,3,1,50,0,0,0,0,0,0,234205,231669,214642,207642,210375,214694,10116,9150,8008,8000,8009,7714,1
676,110000,2,2,3,45,0,0,0,0,0,0,26650,20787,20566,21158,22141,22158,1532,2000,783,3000,2000,2000,0
775,50000,2,2,2,31,1,-2,-1,-1,-1,2,0,0,190,0,36059,32851,0,190,0,36059,0,2420,0
843,50000,1,2,3,42,2,0,0,2,0,0,47647,50232,50510,32177,29530,29789,3700,3700,0,1072,1500,1132,1
342,100000,2,2,2,26,-1,-1,-1,0,0,0,1370,4192,4159,3542,1980,3980,4210,4159,1000,1080,2000,1525,0
806,120000,2,1,3,44,0,0,2,0,0,0,70096,76446,73732,12329,12329,0,8100,0,247,0,0,0,0
42,20000,2,1,2,22,0,0,2,-1,0,0,14028,16484,15800,16341,16675,0,3000,0,16741,334,0,0,1
303,300000,2,2,1,27,1,-1,-1,-2,-2,-2,0,5215,0,0,0,0,5215,0,0,0,0,0,0
827,20000,2,3,1,24,8,7,6,5,4,3,24310,23987,23353,22719,21796,21162,0,0,0,0,0,0,0
98,480000,1,1,1,63,0,0,0,2,2,0,422069,431342,479432,487066,471145,469961,16078,55693,17000,0,18000,24200,0
343,50000,2,2,2,29,0,0,0,0,0,0,47081,49316,50409,45545,39963,41145,3000,2000,2000,2000,2000,2000,1
300,200000,2,1,2,27,-1,-1,-1,0,0,0,871,665,960,4242,4084,7414,665,960,3908,1014,3500,2880,0
462,220000,1,1,2,38,0,0,0,0,0,0,212795,211043,212759,218541,167743,165300,8909,7500,9000,6729,6000,7009,1
410,480000,2,3,1,41,-2,-2,-2,-2,-2,-2,14867,26665,199960,9033,19371,22593,26734,199982,9033,19371,22593,2000,0
568,350000,1,1,2,33,-1,-1,-1,-2,-2,-1,10900,10478,-22,-22,-22,4532,10530,0,0,0,4554,0,0
312,110000,2,2,2,36,0,0,0,0,0,0,47819,48947,50330,50894,52175,53652,2200,2500,2000,2100,2500,2200,0
831,30000,2,3,2,53,-1,-1,-1,-1,-1,-1,1598,2487,0,4810,2796,3245,2487,0,4810,2796,3245,7305,1
724,330000,2,2,2,29,0,0,0,0,-1,-1,49549,133957,128212,79407,8875,49880,90000,3000,5000,8875,49880,519,0
391,140000,2,1,2,27,0,0,0,0,0,0,142428,144105,143952,142590,142650,142620,10000,10000,6000,6000,6000,5600,0
155,50000,1,3,1,57,3,2,0,0,0,0,12854,12362,13447,13427,13711,14083,0,1600,500,500,600,600,0
841,490000,2,1,1,38,-1,-1,-1,-1,-1,0,4290,4738,2803,6027,10722,8452,4738,2803,6027,10722,6000,1139,0
718,180000,2,1,2,27,1,-1,-1,-1,-1,-1,0,3338,3333,3333,3333,3333,3338,3333,3333,3333,3333,3333,0
151,140000,1,1,1,34,0,0,0,0,0,0,23944,28049,32073,43129,47086,48699,5000,5000,11885,5000,3000,5504,0
55,400000,2,2,1,29,0,0,0,0,0,0,400134,398857,404205,360199,356656,364089,17000,15029,30000,12000,12000,23000,0
202,100000,1,1,1,47,-1,-1,-1,-1,-1,-1,390,1473,390,390,390,0,1473,390,390,390,0,2380,0
99,50000,2,3,2,22,0,0,0,0,0,0,44698,42254,38347,32496,23477,24094,1767,1362,1002,840,995,904,1
799,230000,2,1,2,28,-1,-1,-1,-2,-2,-2,6666,6666,0,0,0,0,6666,0,0,0,0,0,0
6,200000,2,3,2,34,0,0,2,0,0,-1,11073,9787,5535,2513,1828,3731,2306,12,50,300,3738,66,0
416,30000,1,1,2,24,2,0,0,0,0,2,25265,26354,27710,27959,30002,29371,1500,1800,1007,2500,0,1800,0
156,30000,1,1,2,41,2,2,2,2,2,0,24357,27453,26718,28168,27579,28321,3500,0,2200,0,1200,1250,0
887,400000,1,2,2,37,1,1,1,2,0,0,13611,15066,15882,12599,18599,12284,3019,5014,3,7040,2006,2005,0
667,20000,1,2,1,34,0,0,0,0,0,0,12857,14183,14890,15642,16387,17113,1541,1248,1000,1000,1000,1000,1
2,500000,1,1,2,29,0,0,0,0,0,0,367965,412023,445007,542653,483003,473944,55000,40000,38000,20239,13750,13770,0
678,230000,2,1,1,35,0,0,0,0,-2,-2,4259,5432,6182,0,0,0,1250,1000,0,0,0,0,0
942,240000,2,2,1,37,0,0,0,0,0,0,219099,217058,187841,186140,191678,191816,8131,8123,6700,10000,7700,6000,0
817,50000,2,2,2,24,1,2,0,0,0,0,48861,48082,48614,26667,26036,26850,2000,2233,1083,1100,1400,3000,1
614,60000,1,1,2,25,0,0,0,0,0,0,58839,53235,38533,39639,39619,39140,2018,1900,2000,1500,1900,2000,0
560,390000,2,1,2,45,2,2,2,-1,2,2,834,155,-1690,4240,3346,2698,1,1693,6940,7,1230,3,0
773,20000,1,2,2,26,-1,-1,-1,-1,-2,-1,1438,1261,451,-810,-420,1320,1261,451,0,780,2130,0,0
244,330000,1,1,2,25,0,0,0,0,2,0,46140,45781,48139,51137,39450,25358,2504,4007,5056,74,1023,2566,0
23,50000,2,3,2,30,0,0,0,0,0,0,22541,16138,17163,17878,18931,19617,1300,1300,1000,1500,1000,1012,0
452,130000,1,3,2,39,1,2,2,2,2,2,71034,69329,74175,72383,77217,75820,0,6000,0,6000,0,6000,0
567,50000,2,2,2,23,0,0,0,0,0,0,49809,50364,38429,18815,18305,19013,2040,2766,1690,1000,1000,1000,0
629,210000,2,2,1,47,-2,-2,-2,-2,-2,-2,0,0,0,0,0,0,0,0,0,0,0,0,0
531,60000,1,2,2,25,-1,-1,0,-1,-1,0,480,1675,3630,578,4825,6200,1675,2500,578,4825,2000,2435,0
790,50000,2,1,1,34,0,0,0,0,0,0,46750,48317,48282,18299,19323,20329,2320,1282,3299,1323,1329,1114,0
748,50000,1,2,2,26,0,0,0,0,0,0,48036,46787,42011,19147,2845,20041,2100,1227,383,2000,20000,649,1
891,200000,1,1,2,31,-2,-2,-2,-2,-2,-2,100,100,100,100,100,100,100,100,100,100,100,100,0
557,360000,2,2,2,52,-2,-2,-2,-2,-2,-2,640,2113,-6,999,944,-3,2231,0,1005,948,0,789,0
197,140000,1,1,2,31,0,0,2,0,0,2,27123,27299,17985,20225,27407,10833,25000,0,3000,7800,0,2500,0
615,200000,2,2,1,39,0,0,0,0,0,0,80833,79100,70764,71629,70805,70718,3315,3088,2572,2559,2526,2620,0
318,50000,1,2,2,24,-1,0,0,0,0,0,1399,2441,3865,7476,8384,8085,1070,1500,3666,2477,1306,1000,0
58,50000,1,1,2,29,2,2,2,2,2,2,24987,24300,26591,25865,27667,28264,0,2700,0,2225,1200,0,1
190,50000,1,2,1,36,0,0,0,0,-1,-1,47790,18114,18250,-14,72,658,2000,1000,2000,500,1000,20011,0
937,50000,1,2,1,44,-1,-1,-1,-1,-1,-1,1261,1261,1261,1261,1261,1261,1261,1261,1261,1261,1261,1261,0
442,160000,2,1,2,28,0,0,0,0,0,0,146433,107604,89902,90983,82255,83988,4500,4400,3000,2400,2500,2500,0
952,210000,2,2,2,30,0,0,0,0,0,0,21780,20974,18652,13464,109722,105573,1325,1074,1000,99000,3745,4000,0
659,50000,1,1,2,22,0,0,0,0,0,-1,5137,5960,6270,6000,5810,390,1300,1000,120,200,390,1170,0
91,90000,1,2,2,35,0,0,0,0,0,0,83725,85996,87653,35565,30942,30835,3621,3597,1179,1112,1104,1143,0
54,200000,2,1,2,34,-1,3,2,2,2,2,1587,1098,782,1166,700,1414,0,0,700,0,1200,0,0
830,20000,2,1,2,23,0,0,0,0,0,-2,17246,16988,15973,18773,0,0,2000,2000,3000,0,0,0,0
931,50000,1,2,2,30,0,0,0,0,-2,-2,21062,6495,2207,0,0,0,2000,1000,0,0,0,0,0
273,50000,2,1,2,26,-1,-1,-1,-1,-1,-1,1156,316,316,316,316,316,316,316,316,316,316,316,0
561,250000,2,3,2,35,-2,-2,-2,-2,-2,-2,7244,8472,1738,6706,2391,11082,8514,1751,6739,2403,11137,13407,0
500,30000,1,6,1,53,-2,-2,-2,-2,-2,-2,0,0,0,0,0,0,0,0,0,0,0,0,0
441,220000,1,2,2,34,0,0,0,0,0,0,37304,33304,29254,24875,20329,15602,1600,1500,1100,1000,600,500,0
994,50000,2,2,2,23,-1,-1,-1,0,-1,-1,780,0,780,390,390,500,0,780,0,390,500,18300,1
14,360000,2,1,1,49,1,-2,-2,-2,-2,-2,0,0,0,0,0,0,0,0,0,0,0,0,0
982,260000,2,2,1,33,-2,-2,-2,-1,-1,0,134736,135593,120909,102524,40157,40805,6067,10000,3000,40157,1466,2000,0
685,80000,1,2,2,32,0,0,0,0,0,0,51372,51872,47593,43882,42256,42527,1853,1700,1522,1548,1488,1500,0
962,30000,1,1,2,28,1,-2,-1,-1,-1,-2,0,0,1310,816,0,0,0,1310,816,0,0,0,0
239,180000,2,1,2,32,-1,-1,2,2,-1,-1,3139,5853,2821,0,2821,0,2821,0,0,2821,0,176,0
861,30000,2,2,1,46,0,0,0,0,0,0,28234,28874,29437,27738,27268,27409,1484,1436,1120,995,989,800,0
647,240000,2,2,2,26,0,0,-1,-1,-1,-1,14348,7500,7816,7500,7500,14497,1000,7816,7500,7500,14497,500,0
901,30000,2,2,2,27,-1,-1,2,0,-1,2,27772,30461,29325,21449,29709,29086,3136,0,0,29709,0,1576,0
794,100000,2,1,2,48,2,2,2,2,2,0,15355,17949,18158,18365,17932,18147,3164,800,800,0,662,3000,0
166,270000,1,2,2,37,0,0,0,0,0,0,37695,33397,30534,27598,26344,24641,5000,2000,3000,4000,3000,2000,0
668,100000,2,1,2,28,2,0,0,0,0,0,96193,82342,81967,82177,78840,79261,3600,3800,3000,3000,3023,3000,1
340,180000,2,1,2,26,0,0,0,0,0,0,145403,138232,130553,105894,108248,106517,5440,5051,3835,4106,4250,4028,0
822,50000,2,2,1,24,1,2,0,0,0,2,27087,26372,26992,27693,29237,28607,0,1400,1100,2100,0,1000,0
983,380000,1,3,1,53,-2,-2,-2,-2,-2,-2,0,0,0,0,0,0,0,0,0,0,0,0,0
427,390000,2,1,2,27,0,0,0,0,0,0,304867,299998,300426,292869,292885,281826,13007,10612,10041,11000,10512,7000,1
695,300000,2,1,2,31,0,0,0,0,2,-1,43610,43280,36156,30305,30155,561,1655,1797,750,0,561,500,0
872,150000,1,1,2,33,0,0,0,0,0,0,45335,50262,54793,59244,64096,68837,6000,6000,6000,6000,6001,6000,0
308,20000,1,1,2,40,0,0,0,2,0,0,10934,13738,16567,10411,13057,14340,3000,3100,0,3000,1500,0,0
637,130000,2,3,1,28,0,0,0,0,-2,-2,100143,50456,50000,0,0,0,2500,1000,0,0,0,0,0
562,90000,2,1,2,24,0,0,0,0,0,0,13141,14526,15482,18219,22737,23387,1600,1500,3000,5000,1020,764,1
657,90000,1,2,1,40,0,0,0,-1,-1,-1,42856,44925,0,787,1457,0,3114,0,787,1457,0,0,1
138,50000,1,2,2,23,1,2,2,2,0,0,10131,10833,20583,19996,19879,18065,1000,10000,400,700,800,600,0
161,110000,2,1,2,27,0,0,0,0,0,0,101640,104795,104855,74737,76058,77254,5500,3900,3000,2900,3000,2800,0
826,320000,1,1,2,28,-1,0,0,-1,0,0,2007,3477,3037,1633,3633,0,2000,1000,1633,2000,0,3000,0
575,30000,1,2,1,35,-2,-1,-1,-1,-1,-2,7797,2687,8762,3377,2000,0,2687,8765,3390,2040,0,0,0
101,70000,2,2,2,24,-1,-1,-2,-2,-2,-1,5580,0,0,0,0,26529,0,0,0,0,26529,2000,0
121,20000,1,2,2,23,1,-2,-2,-2,-2,-2,0,0,0,0,0,0,0,0,0,0,0,0,0
455,70000,1,2,1,48,0,0,0,0,0,-1,50927,39883,32017,17630,9730,6400,2100,1217,500,0,6400,4590,1
407,200000,2,1,1,38,-1,-1,-2,-1,-1,-2,190,0,0,367,-150,-150,0,0,367,150,0,0,0
255,220000,1,1,1,48,2,0,0,0,0,0,210380,213522,201852,169115,172169,162402,10000,9020,6000,5500,6000,5500,1
122,200000,1,3,2,52,0,0,0,0,0,0,110151,99530,98951,100914,103146,104993,3568,3585,3602,3848,3669,3784,0
66,80000,1,1,2,31,-1,-1,-1,-1,-1,-1,780,0,390,390,390,390,0,390,390,390,390,390,0
672,190000,1,2,2,40,2,2,2,2,2,2,145613,156765,159386,161870,165725,169928,15000,6600,6500,6500,7000,7000,1
743,300000,2,3,1,34,0,0,0,0,0,0,280823,275303,271952,193403,187562,191069,11000,12000,7200,6500,6173,5500,1
481,190000,1,2,1,31,0,0,0,0,0,0,177554,180633,172914,130139,115494,117465,7600,6303,4137,3502,4027,3517,0
484,220000,2,2,1,36,-1,-1,-1,0,-1,-1,396,1648,792,396,396,396,1648,792,0,396,396,792,1
76,470000,2,3,3,33,0,0,0,0,0,0,165254,157784,162702,69923,29271,29889,6400,7566,3000,960,1000,3000,0
815,60000,1,1,2,30,0,-1,0,0,0,0,15380,4116,19453,17912,18480,18848,4147,19435,1000,1000,1000,1000,0
83,160000,2,2,2,32,0,0,0,0,0,-1,3826,4751,6604,8604,7072,766,1147,2000,2000,0,766,2303,0
211,30000,1,3,1,42,-1,-1,-1,-1,-1,2,390,390,390,240,1320,780,390,390,240,1470,0,0,0
785,60000,2,2,2,29,-1,0,0,0,-2,-2,55064,57833,9479,0,0,0,5000,1033,0,0,0,0,0
677,230000,2,1,2,29,-2,-2,-2,-2,-2,-2,0,0,1024,0,0,0,0,1024,0,0,0,0,0
876,200000,1,1,2,30,-1,-1,-1,0,0,0,4935,-200,11463,11751,11772,5318,0,11663,9363,3232,3000,1000,0
622,70000,1,1,1,46,0,0,0,0,0,0,60040,55274,51766,51757,50013,49946,2600,1800,2000,3140,2000,1800,0
840,500000,1,3,1,39,0,0,0,0,0,0,315201,332071,375070,354839,369532,367399,25000,50000,20000,19586,14122,12022,0
834,420000,1,2,1,34,0,0,0,0,0,0,88948,79783,80575,92982,98502,103200,30000,10575,15000,10000,10000,20000,0
104,130000,1,2,2,38,0,0,0,-1,-1,-1,171438,178382,39940,120483,44127,126568,10908,0,133657,4566,133841,4796,0
37,70000,2,1,2,25,0,0,0,0,0,0,67521,66999,63949,63699,64718,65970,3000,4500,4042,2500,2800,2500,0
331,190000,2,1,2,28,0,0,0,0,0,0,143464,146943,151905,153538,156664,160361,5795,7408,5645,5753,6370,5865,0
856,50000,1,1,2,26,-2,-2,-2,-2,-2,-2,0,0,0,0,0,0,0,0,0,0,0,0,0
49,180000,2,1,2,25,1,2,0,0,0,0,41402,41742,42758,43510,44420,45319,1300,2010,1762,1762,1790,1622,0
45,20000,1,1,2,24,0,0,0,0,0,0,17447,18479,19476,19865,20480,20063,1318,1315,704,928,912,1069,0
129,330000,1,3,1,46,0,0,0,0,0,0,227389,228719,229644,227587,227775,228203,8210,8095,8025,8175,8391,8200,0
745,50000,2,2,2,25,8,7,6,5,4,3,37647,37102,36238,36374,35229,34365,0,0,1000,0,0,3000,1
360,230000,2,1,2,35,-2,-2,-2,-2,-2,-2,761,300,399,665,576,613,300,399,665,576,613,520,0
904,50000,1,1,2,27,0,0,0,0,0,0,7010,9876,11115,12915,14415,0,3000,1500,2000,2000,0,0,0
867,80000,2,3,1,40,0,0,0,0,0,0,35660,37082,38464,38922,40791,43108,2000,2000,1397,2500,3000,1600,0
880,50000,1,3,2,55,0,0,0,0,0,0,51737,27121,28103,28814,29261,29878,2930,1447,1158,1041,1082,994,1
67,320000,1,2,2,29,2,2,2,2,2,2,58267,59246,60184,58622,62307,63526,2500,2500,0,4800,2400,1600,1
860,200000,1,1,2,32,0,0,0,0,0,0,43515,44557,45574,49022,47459,49666,1739,1756,2662,1726,3000,2500,0
914,240000,1,1,2,46,0,0,0,0,0,0,471814,478380,395612,386295,356206,352257,16044,15087,12000,15000,12000,12000,0
237,50000,1,1,2,39,0,0,0,0,0,0,47174,47974,48630,50803,30789,15874,1800,2000,3000,2000,2000,2000,0
643,80000,2,2,2,24,0,0,0,0,0,0,77615,77303,66396,55639,56873,58390,3100,2586,2000,2500,3000,2500,0
283,440000,2,2,1,46,0,0,0,0,0,0,180641,181557,149944,113135,105280,97622,8610,6907,3727,3800,4001,2701,0
965,180000,2,2,1,32,0,0,0,0,-1,-1,74189,30670,6428,4618,2708,54024,2000,1000,0,2708,54024,2000,0
934,180000,2,2,1,32,1,2,2,2,0,0,15548,15009,17752,17172,18732,23389,0,3000,0,2000,5000,2000,1
823,10000,1,2,2,37,0,0,0,0,2,2,8755,8158,7540,8164,6963,5923,1167,1022,1036,0,2700,0,0
323,60000,2,2,1,34,2,2,2,2,2,0,24898,27976,27233,30184,29566,30225,3800,0,3720,0,1300,1291,1
272,460000,1,1,1,40,2,-1,-1,-1,-1,-1,171,2715,-13,2641,-10,22535,2728,0,2654,0,22545,0,1
171,130000,1,3,1,56,1,2,2,2,2,3,64617,65978,67282,68557,72796,71345,3000,3000,3000,5500,0,0,1
396,240000,1,1,2,29,0,0,0,0,0,-1,156362,132280,99174,65372,28797,184922,5233,3289,2072,3018,184922,6100,0
374,210000,1,1,2,30,0,0,0,0,0,0,69937,71906,43308,44584,47842,49888,3500,3000,2000,4000,3000,10000,0
160,60000,2,2,1,46,0,0,0,0,0,0,21148,23803,24908,26034,26655,27756,3000,1500,1500,1000,1500,1500,0
319,230000,2,2,1,28,0,0,0,-2,-1,-1,26361,18826,1100,2100,767,6173,1710,1100,1000,767,6173,1000,1
210,470000,1,2,2,27,2,2,2,2,0,0,296573,303320,307843,479978,305145,309959,13000,11001,0,10484,10838,10367,0
661,130000,2,3,1,43,0,0,0,0,0,0,130067,129385,96775,98071,97743,100124,5540,4403,3814,3562,4021,3681,0
917,50000,2,1,2,24,0,0,0,2,0,0,27245,28300,31900,31090,31837,32555,1800,4400,0,1400,1400,1400,0
206,220000,1,1,2,24,0,0,0,-1,-1,-1,105607,108917,111520,8303,0,85632,5000,5050,8303,0,85632,0,0
62,10000,1,2,1,56,2,2,2,0,0,0,2097,4193,3978,4062,4196,4326,2300,0,150,200,200,160,1
918,110000,1,1,1,40,0,0,0,0,0,0,8481,13066,17638,22204,26784,31352,4980,5124,5256,5416,5552,5742,0
895,200000,1,1,1,36,-1,-1,0,-1,-1,-1,3877,11496,5935,295,1867,0,11496,1011,297,2923,0,0,0
844,150000,1,3,1,37,4,4,4,3,2,0,151117,153787,150320,147989,143355,143131,6500,0,512,0,4388,4221,1
941,360000,2,1,2,29,0,0,-1,-1,-1,-1,15854,8174,1004,1004,646,3508,1000,1004,1004,646,3508,0,0
719,320000,1,1,1,47,-1,-1,-1,-1,-1,-1,9192,13920,4022,316,8420,316,13942,4022,316,8420,316,516,0
22,60000,1,1,2,27,1,-2,-1,-1,-1,-1,-109,-425,259,-57,127,-189,0,1000,0,500,0,1000,1
519,140000,2,2,1,42,0,0,0,0,0,0,111496,112133,69529,70804,70781,66735,6022,3021,5012,5112,3000,5000,1
152,200000,2,1,2,37,0,0,0,0,0,0,105420,102870,89643,90938,92505,94031,4000,3250,3250,3500,3560,5000,0
446,380000,1,1,1,51,1,-2,-2,-2,-2,-2,0,0,0,0,0,0,0,0,0,0,0,0,1
284,100000,2,2,2,25,2,0,0,0,0,0,70896,71678,70125,69856,69718,51365,3472,2092,2000,2127,1960,1559,1
925,200000,1,1,1,34,-2,-2,-2,-2,-2,-2,1242,4006,941,2357,2945,1143,4034,945,2366,2947,1143,744,0
193,20000,2,1,2,22,0,0,0,0,-1,0,18553,19446,19065,8332,18868,19247,1500,1032,541,20000,693,1000,0
209,30000,1,2,2,39,0,0,0,2,0,0,28347,28108,18388,12992,7736,8032,3036,2309,0,1000,2000,148,0
563,360000,1,1,2,28,-1,-1,-1,-1,-1,-1,7071,401,3545,10540,10132,6220,1510,3575,10573,10155,6240,16071,0
471,60000,2,2,2,29,0,0,0,0,0,0,27199,28358,28937,29614,30391,23159,1900,1400,1000,1100,1000,420,0
77,360000,2,1,2,26,0,0,0,0,0,-1,23411,27796,30400,33100,180000,196,4796,3400,3100,146900,196,2963,0
296,100000,1,2,2,37,0,0,0,0,0,0,99209,98222,67185,66926,66796,64513,3490,2332,2314,2365,2497,2305,0
103,350000,1,1,2,52,-1,-1,-1,-1,-1,-1,713,2272,722,867,1150,5263,2272,722,867,1150,5263,5011,0
543,160000,2,2,2,25,-2,-2,-2,-2,-2,-2,0,0,0,0,0,0,0,0,0,0,0,0,0
265,50000,1,2,2,27,3,2,2,0,0,-1,13694,14880,14242,13968,14319,2614,1700,0,426,501,2614,1390,1
632,50000,2,3,1,49,0,0,0,0,0,0,5630,6629,5918,6918,6941,4756,1107,1000,1000,1500,2150,0,0
958,200000,1,2,2,31,0,0,0,0,0,0,33781,35879,26043,27497,29082,31647,3000,2000,2000,2000,3000,4000,0
501,160000,1,1,2,35,-1,-1,-1,-1,-1,-1,396,396,396,0,792,1220,396,396,0,793,1220,0,0
106,330000,2,1,1,31,0,0,2,0,0,0,105879,108431,105594,105896,106491,107289,9260,0,3593,4100,15794,0,0
464,500000,1,2,1,38,0,0,0,-1,0,0,59372,49677,49515,42568,48268,51481,10026,7241,50091,25000,5078,2132,0
286,280000,1,1,2,33,-1,-1,-1,-1,-1,-1,898,898,325,898,325,-339603,898,325,898,325,0,345293,1
257,50000,1,2,2,29,0,0,0,0,0,0,49276,35100,32563,27823,29130,28309,1602,1400,3000,3130,1062,6318,0
899,100000,1,3,1,50,0,0,-2,-2,-2,-2,154970,0,0,0,0,0,0,0,0,0,0,0,0
362,50000,2,2,1,61,0,0,0,0,0,0,47166,49396,50476,23319,23171,24774,3000,2237,975,1000,2000,1039,0
980,50000,2,1,2,23,-2,-2,-2,-2,-2,-2,49860,50187,50022,20114,18777,18273,2500,1289,917,1315,5042,2512,0
97,380000,2,1,2,30,-2,-2,-1,0,0,0,-81,-303,32475,32891,33564,34056,223,33178,1171,1197,1250,5000,0
940,50000,2,2,2,23,-2,-2,-2,-2,-2,-2,3779,3944,2118,2259,3527,1100,3955,2124,2266,3638,1303,0,0
525,20000,2,2,2,21,-1,-1,2,2,-1,-1,18763,14410,13771,362,5308,0,14410,0,28,22073,0,0,0
128,420000,1,2,1,34,0,0,0,0,0,0,253454,247743,229049,220951,210606,188108,9744,9553,7603,7830,7253,11326,0
714,150000,2,1,1,35,1,-2,-2,-2,-2,-2,0,0,0,0,0,0,0,0,0,0,0,0,0
111,30000,1,1,2,24,-1,2,0,0,3,2,18199,17618,18631,21319,20692,21201,0,1312,3000,0,1000,1000,1
94,50000,2,3,1,22,0,0,0,0,0,0,18722,18160,16997,13150,8866,7899,1411,1194,379,281,321,197,0
766,360000,2,2,2,53,-1,-1,-1,-1,-1,-1,10733,15206,15000,9744,11114,8123,15206,15032,9769,11114,8123,8736,0
550,40000,2,2,2,24,-2,-2,-2,-2,-2,-2,35285,36714,37356,38184,38724,37255,2000,1600,1401,1607,1800,1751,0
18,70000,2,2,2,26,2,0,0,2,2,2,41087,42445,45020,44006,46905,46012,2007,3582,0,3601,0,1820,1
269,200000,2,2,2,33,0,0,0,0,0,0,11253,12852,14024,14512,16325,11905,2000,1322,2000,2000,1200,3000,0
580,50000,1,2,2,42,0,0,0,0,0,0,50300,50898,49111,48943,45775,0,2200,1600,1700,1700,0,0,0
705,20000,1,2,2,49,0,0,0,0,0,0,16326,17497,18456,18424,18800,10000,1441,1400,368,376,200,0,0
848,50000,1,1,1,37,0,0,-2,-2,-2,-2,30400,0,0,0,0,0,500,0,0,0,0,0,0
52,180000,2,3,1,34,0,0,0,-1,-1,-1,16386,15793,8441,7142,-679,8321,8500,1500,7500,679,9000,2000,0
428,110000,2,1,2,29,0,0,0,0,0,0,48123,49537,50422,50990,52014,53206,2500,2500,2000,2000,2057,2500,0
395,120000,2,2,2,25,2,2,2,2,2,2,120298,120822,109887,116313,119311,117167,4007,0,8272,5000,0,4400,0
997,200000,2,2,1,28,0,0,0,0,0,0,81865,86790,8441,97041,103541,3632,5000,2000,89000,6500,91,1504,0
260,80000,2,1,2,37,-1,-1,-1,-1,-1,-1,10115,249,5986,188,1644,16872,258,5995,188,1644,16872,4000,0
559,360000,1,2,2,38,-1,0,0,0,0,0,108351,111201,63146,63723,65108,66078,8005,8004,5000,5000,5000,105700,0
758,260000,2,2,1,35,-1,-1,-1,-1,-1,0,7967,67650,6000,0,88348,85962,67650,6000,0,88348,5000,25000,0
162,370000,1,1,2,50,-2,-2,-2,-2,-2,-2,6093,15130,8204,15398,4792,13453,15383,8204,15413,4792,13453,4699,0
978,500000,1,1,2,36,-2,-2,-2,-2,-2,-2,45106,81264,18122,27229,21462,27911,81690,18225,27365,21570,28050,17397,1
548,50000,1,1,1,56,0,0,0,0,0,0,50715,51073,28185,28842,30399,29977,2500,1500,1100,2000,1500,1017,1
293,210000,2,2,1,36,0,0,0,0,0,0,143225,142996,144415,148190,147993,131629,6483,5082,6000,5900,4544,4700,0
882,310000,1,1,2,30,-2,-2,-2,-2,-2,-2,1544,1648,1284,1088,892,-304,1300,1000,1000,1000,304,39544,0
459,230000,2,1,2,28,0,0,0,0,0,0,30141,131255,110503,99283,97599,96116,120093,8034,3013,4010,5882,3000,0
439,200000,2,1,2,27,0,0,0,0,0,0,122923,124653,126355,114881,117213,124793,5704,5930,4000,4003,10033,4400,0
87,280000,2,1,2,39,-1,-1,-1,0,0,-2,7524,0,3968,3868,0,0,0,3968,0,0,0,0,0
475,200000,1,1,2,31,-2,-2,-2,-2,-2,-2,0,0,0,0,0,0,0,0,0,0,0,0,0
19,450000,2,1,1,40,-2,-2,-2,-2,-2,-2,5512,19420,1473,560,0,0,19428,1473,560,0,0,1128,1
478,70000,2,2,2,28,0,0,0,0,-1,2,41264,41799,37887,37876,6736,4162,2112,1200,758,6736,0,0,0
784,80000,1,2,2,29,0,0,0,0,0,0,11894,12287,12407,14360,14657,4129,1284,1047,2000,359,175,1000,0
363,10000,1,2,2,24,-1,2,2,2,0,0,2887,1923,2989,2813,2008,2132,0,1500,0,0,150,0,0
717,10000,1,2,2,22,0,0,0,0,0,0,7960,9649,8518,8628,9293,5033,2000,1000,500,1500,0,2500,1
365,20000,2,2,1,32,3,2,0,0,0,0,20631,20010,19703,11084,10918,10985,0,1168,384,390,632,616,1
392,100000,1,1,2,38,0,0,0,0,0,0,40810,42653,42351,43011,43011,28947,2502,1200,860,0,579,0,0
832,80000,2,2,2,23,2,2,2,2,2,2,22895,23837,24253,24562,25126,25476,1600,1100,1000,1100,906,0,0
13,320000,1,1,1,49,0,0,0,-1,-1,-1,253286,246536,194663,70074,5856,195599,10358,10000,75940,20000,195599,50000,0
767,260000,1,1,2,44,-1,-1,-1,-1,-1,-1,316,316,316,316,316,466,316,316,316,316,466,316,0
176,240000,1,1,2,37,-1,-1,2,0,0,-1,12212,26578,25331,26605,26279,1256,15000,0,2000,0,1256,65935,0
760,240000,2,2,1,33,0,0,0,0,0,0,240878,233838,238067,242579,238245,233710,10000,11000,10000,10000,10000,8000,0
431,270000,2,2,1,32,1,2,2,2,2,2,234752,233036,229286,217644,223690,221413,10000,8000,0,16000,8000,0,1
908,140000,2,3,1,46,0,0,0,0,0,0,68075,69972,71805,73613,75426,77169,3000,3000,3000,3000,3000,5000,0
277,270000,1,2,1,44,0,0,0,0,-1,-1,127543,109189,92630,69669,44149,43414,10063,5162,10150,44299,43509,31031,0
56,500000,2,3,1,28,0,0,0,0,0,0,22848,23638,18878,14937,13827,15571,1516,1300,1000,1000,2000,2000,1
812,70000,1,3,1,51,2,2,0,0,0,0,54968,51384,49734,50361,49185,47245,0,2100,1950,1900,2219,2100,1
538,30000,2,2,1,36,2,3,2,2,0,0,28778,28039,28286,27533,28189,28805,0,1000,0,1100,1100,1500,1
164,90000,2,2,1,35,0,0,0,0,0,2,72112,73854,75526,77317,85852,88290,3500,3500,3652,10000,4000,0,0
132,150000,1,1,2,27,0,0,0,0,0,0,17444,19342,22000,24614,27200,30229,2500,3000,3000,3000,3500,5000,0
874,50000,2,2,1,43,0,0,0,-1,0,0,23587,24580,20165,10732,10566,10757,1800,1775,10732,384,757,501,0
598,170000,1,1,1,53,0,0,0,0,0,0,17862,17927,18800,17647,18015,12930,1323,1196,544,563,629,361,0
510,20000,2,2,2,23,0,0,2,0,0,0,18355,20259,19534,16467,15746,13246,2900,10,577,430,1017,4,0
315,180000,1,2,2,29,1,-2,-2,-2,-2,-2,-2,-2,-2,-2,-2,-2,0,0,0,0,0,0,0
949,180000,1,2,2,39,-1,-1,-1,-1,-1,0,3135,2822,1938,5818,2628,2628,2833,2015,5818,2628,0,0,0
449,200000,2,1,2,26,0,0,-2,-2,-2,-2,156786,179,1443,1443,1443,871,179,1443,1443,1443,871,2015,0
354,110000,2,4,2,24,0,0,0,0,0,0,83755,77431,79044,80631,82333,84462,3000,2900,2900,3000,3500,4000,0
43,150000,2,5,2,46,0,0,-1,0,0,-2,4463,3034,1170,1170,0,0,1013,1170,0,0,0,0,1
124,50000,1,2,1,51,0,0,0,0,0,0,3347,3899,4503,5347,6375,7077,1000,1066,1300,1500,1200,134,1
903,120000,2,2,2,26,0,0,0,0,0,0,22431,12399,4199,3059,674,0,1500,1000,682,0,0,738,0
638,210000,2,2,2,32,0,0,0,0,0,0,46255,50486,54019,58091,61630,65576,5000,5000,5000,4500,5000,5000,0
708,360000,2,1,1,30,1,2,-1,0,-1,-1,18886,14249,3821,2404,319,0,0,3828,2000,319,0,0,0
433,110000,1,3,1,37,0,0,0,0,0,0,61807,62499,62162,60605,60272,60145,2300,2200,2300,2200,2300,2300,0
287,50000,2,2,2,22,1,-2,-2,-2,-2,-2,0,0,0,0,0,0,0,0,0,0,0,0,1
79,400000,2,2,1,44,0,0,2,0,0,0,131595,139060,126819,104430,104990,94058,10700,3,3050,3000,3200,2800,0
246,50000,2,2,2,26,1,2,2,0,0,0,50867,51486,48869,30115,29527,29998,1710,136,1206,2002,2005,3003,0
159,250000,2,1,1,34,0,0,2,0,0,0,141223,156858,151841,152803,155997,160220,17994,0,5469,5656,6811,3920,0
953,200000,2,1,1,34,-1,0,0,-1,0,-1,6206,6723,7545,362,181,488,1120,1024,362,0,488,300,1
539,100000,2,1,2,24,0,0,0,0,-1,-1,30092,30486,30178,29735,14718,29427,1553,5000,87,14761,29514,330,0
907,500000,1,1,2,32,-1,0,0,0,0,0,386405,387910,293177,274539,253443,253671,25016,20018,10000,79377,52778,10000,0
964,20000,2,2,1,27,0,0,0,-1,0,0,42784,41009,44267,47149,48497,14774,3000,5000,10000,3011,2011,2011,0
285,240000,2,2,1,46,0,0,0,0,0,0,8751,9900,10605,10765,11765,4311,1295,1000,1000,1000,1000,1000,0
259,230000,2,1,2,37,-2,-2,-2,-2,-2,-2,2283,50815,0,0,299,338,51315,0,0,299,338,0,0
930,50000,2,2,1,36,0,0,0,0,0,0,16906,17645,18478,10279,10646,10776,1314,1147,348,512,435,190,0
594,80000,2,2,2,24,2,0,0,0,0,0,79243,75254,58683,58886,60035,57264,3249,3000,5000,2500,2300,2200,0
726,50000,2,3,2,26,0,0,0,0,0,0,9935,11029,12795,9983,10884,7666,1234,2000,297,1000,307,361,0
39,140000,2,2,1,37,0,0,0,0,0,0,59504,61544,62925,64280,67079,69802,3000,3000,3000,4000,4000,3000,0
524,360000,1,1,2,26,1,-2,-2,-2,-1,-1,-8,-8,-8,-8,1677,2600,0,0,0,1685,2613,0,0
566,200000,2,1,2,29,1,-1,-1,-1,-1,-1,55788,8360,4897,5065,19468,0,8394,4927,5089,19561,0,125,0
650,10000,1,2,2,33,0,0,0,0,0,0,8177,9131,9669,7624,8049,6857,2500,1145,1000,1000,1000,1500,0
793,50000,2,1,2,22,0,0,0,-1,-1,-2,13801,9549,5385,7781,0,0,1372,1275,7900,0,0,0,0
1,50000,1,1,2,37,0,0,0,0,0,0,64400,57069,57608,19394,19619,20024,2500,1815,657,1000,1000,800,0
521,220000,2,2,2,27,-1,-1,-1,-1,-1,-1,1692,13250,433,1831,0,2891,13250,433,1831,0,2891,153504,0
34,50000,1,1,2,25,1,-1,-1,-2,-2,-2,0,780,0,0,0,0,780,0,0,0,0,0,1
571,290000,1,1,1,53,2,0,0,0,0,0,279610,282024,282508,284660,255892,238266,13000,10200,10265,8803,8300,8546,1
361,330000,2,2,1,56,1,-1,-1,-2,-1,-1,-9,1520,1488,0,3965,8676,1529,1507,0,3965,8676,384,0
558,60000,2,2,1,42,-1,-1,-1,-1,-1,-1,631,2790,1758,416,416,3640,2790,1758,416,416,3640,730,0
397,60000,2,3,3,42,0,0,0,0,0,0,41322,29091,28097,28665,28768,29064,1488,1394,962,1500,2541,2000,0
878,230000,2,1,2,38,0,0,0,0,0,0,224020,227311,184500,128190,130883,133504,8750,7470,4540,4710,4750,4900,0
226,50000,2,1,2,24,0,0,0,0,0,0,35084,35796,30937,19420,10385,1308,2090,2002,1002,238,1011,389,0
264,40000,2,1,2,48,0,0,0,0,0,0,34871,34449,33634,34586,34762,35673,1600,1600,1500,1500,1500,1500,0
871,30000,2,2,1,25,0,0,0,0,0,2,30606,29579,30291,30616,30456,29818,1800,1512,1259,2500,0,1000,0
970,140000,1,2,1,30,0,0,0,0,0,0,134203,127319,107496,69218,70702,72267,5000,3500,2700,2600,2742,2700,1
28,100000,1,1,2,32,0,0,0,0,0,0,93036,84071,82880,80958,78703,75589,3023,3511,3302,3204,3200,2504,0
398,150000,1,1,2,41,-1,-1,-1,-1,-1,2,1464,2084,384,0,2344,822,2091,384,0,2344,0,472,1
989,360000,2,1,2,25,0,0,0,0,0,-2,279846,169426,68810,12800,0,0,7004,1793,2757,0,0,0,1
240,30000,2,1,2,40,-1,-1,2,2,2,2,142,215,139,19,19,79,355,120,0,0,60,60,0
588,50000,1,1,1,35,0,0,0,0,0,0,34976,6018,13930,7106,6020,9011,1127,1074,215,249,4383,172,0
196,180000,2,1,1,38,-2,-2,-2,-2,-2,-2,750,0,0,0,0,0,0,0,0,0,0,0,0
47,100000,2,3,3,43,0,0,0,0,0,0,61559,51163,43824,39619,35762,33258,2000,1606,1500,2000,1500,1000,0
445,140000,2,3,1,30,0,0,0,2,0,0,96304,98007,82227,65000,60848,58880,4505,12906,0,2210,2300,5200,0
813,20000,2,3,2,24,-1,-1,-1,-1,-1,2,4101,507,3042,0,8402,6204,507,3042,0,8402,0,4739,0
707,30000,2,2,1,42,0,0,0,0,0,0,47912,25023,25768,26410,27960,46254,1755,1500,1000,1909,1000,2000,0
467,400000,2,2,2,41,0,0,0,0,0,0,366193,372700,375948,195991,152127,155182,14020,13595,6243,6007,6061,6012,0
506,130000,1,2,1,31,-1,-1,-1,-1,-1,2,1261,1261,1261,1411,930,390,1261,1261,1411,930,0,780,0
783,230000,2,1,1,35,-1,-1,-1,-1,0,0,2648,191,1947,11674,16160,32519,200,1950,11692,10000,20000,6000,0
810,120000,1,3,1,33,1,2,2,2,2,2,66055,67405,68405,69387,70727,72215,3000,2700,2700,2600,2800,0,1
394,210000,2,2,1,30,0,0,0,0,0,0,104701,106134,108423,91143,82733,74125,4002,5000,3500,3000,2700,5000,0
547,190000,2,1,2,41,-1,-1,-1,-1,-1,-1,28204,0,16500,0,26854,554,0,16500,0,26854,500,0,1
709,170000,1,2,1,42,1,-1,-1,-2,-2,-1,0,1690,0,0,0,4750,1690,0,0,0,4750,0,0
406,60000,2,1,2,23,1,2,2,2,2,2,29332,28577,30805,31601,32349,32965,0,2709,1600,1400,1300,1200,1
552,160000,2,1,1,33,-2,-2,-2,-2,-2,-2,5233,5393,1824,350,150,199,5401,1829,350,150,199,1145,0
205,330000,2,1,1,50,-1,-1,-1,-1,-2,-2,8872,4337,2854,1690,0,1709,4345,2854,1702,0,1709,258,0
610,190000,2,2,1,37,1,2,2,2,2,2,115049,117856,119570,116284,123528,125478,6000,5000,0,9000,4000,5000,0
523,620000,2,2,1,45,2,2,0,0,0,0,160837,156839,160440,163781,167159,170894,0,6200,6000,6000,6500,6000,1
634,400000,2,1,2,40,-1,-1,-1,-1,-1,0,60125,1981,4521,20472,76933,173599,1981,4521,20500,77000,100000,7700,0
755,30000,2,2,2,24,0,0,0,0,0,0,31319,31181,31540,31016,30531,30528,1564,1800,1100,1500,1500,3000,0
480,100000,2,2,1,43,-1,-1,-1,-1,-1,-1,2491,1709,574,556,2306,2562,1709,574,556,2306,2562,2111,0
325,150000,1,1,1,40,2,2,2,2,2,2,99855,102586,100064,104975,107147,109428,5200,0,8100,4000,4200,4200,0
304,30000,1,3,1,55,2,2,2,3,3,4,9720,10613,11339,12841,13836,14514,1200,1200,2000,1500,1500,1500,1
875,20000,2,2,1,43,2,0,0,0,0,2,15294,16340,17359,17776,19293,18844,1300,1300,700,1800,0,1000,0
86,200000,1,1,1,53,2,2,2,2,2,2,138180,140774,142460,144098,147124,149531,6300,5500,5500,5500,5000,5000,1
990,290000,2,1,2,29,1,-2,-2,-2,-2,-2,0,0,0,0,0,0,0,0,0,0,0,0,1
409,230000,2,2,2,27,1,2,0,0,0,0,13668,12647,13135,10596,9218,5068,0,1064,423,313,1000,4641,1
112,240000,1,1,2,28,-1,-1,-1,-1,-1,-1,326,326,326,5676,476,326,326,326,5676,476,326,526,0
702,50000,1,2,1,38,1,2,0,0,0,0,58102,59011,56272,53663,51507,50616,2500,2500,2000,2000,3200,2000,0
689,70000,1,1,2,30,0,0,2,0,0,2,55664,59529,57571,57871,60872,59329,5800,0,2250,4500,0,2500,0
824,200000,2,2,1,58,-1,-1,-1,-1,-2,-1,3035,199602,720,0,0,1500,199646,720,0,0,1500,185652,0
725,60000,1,1,2,29,-1,2,-1,-1,2,2,546,255,464,1173,732,1023,0,500,1000,0,582,0,1
359,110000,1,1,1,40,1,-2,-1,0,-1,-1,0,0,2066,2000,216,216,0,2066,0,216,216,66,1
174,20000,2,2,2,22,0,0,0,0,0,0,16001,12622,13221,13130,14034,14906,1212,1201,500,1500,1500,1000,0
119,310000,2,2,1,35,2,0,0,0,0,0,304991,311243,306314,258610,246491,198889,13019,11128,8407,8599,6833,5987,1
26,230000,2,1,2,27,-1,-1,-1,-1,-1,-1,16646,17265,13266,15339,14307,36923,17270,13281,15339,14307,37292,0,0
463,230000,1,2,2,32,0,0,0,0,0,0,28114,28006,25000,22046,19860,19831,1610,1224,655,627,620,500,0
408,230000,2,1,1,32,1,-2,-1,-1,-1,-1,0,0,2809,4595,792,3404,0,2809,4606,792,3404,0,0
194,500000,2,1,1,34,-2,-2,-2,-1,-1,-1,412,138,2299,1251,1206,1151,138,2299,1251,1206,1151,15816,0
666,30000,2,2,2,34,2,-1,2,2,2,2,99568,32326,31840,37075,37662,36904,33000,33000,5810,1325,0,3095,0
897,140000,2,1,1,36,-1,-1,-2,-1,0,0,4036,0,0,2971,1607,0,0,0,2971,0,0,0,0
440,240000,1,1,2,44,0,0,0,0,0,0,246135,231443,234557,200643,194410,198857,12026,9010,7400,8000,8000,7000,1
999,360000,1,1,2,36,1,-2,-2,-2,-2,-2,0,0,0,0,0,0,0,0,0,0,0,0,1
36,360000,1,1,2,33,0,0,0,0,0,0,218668,221296,206895,628699,195969,179224,10000,7000,6000,188840,28000,4000,0
751,230000,1,2,2,58,0,0,0,0,0,0,110163,112499,114837,116400,45643,51083,5600,5700,5000,1855,6400,0,0
15,180000,2,1,2,29,1,-2,-2,-2,-2,-2,0,0,0,0,0,0,0,0,0,0,0,0,0
378,140000,1,3,1,36,0,0,0,0,0,0,100594,78372,91502,90859,88616,88450,3000,30000,4000,4000,3400,3300,0
839,110000,2,2,2,33,1,-2,-2,-2,-2,-1,0,0,0,0,0,150,0,0,0,0,300,102,1
619,360000,2,2,1,37,1,-2,-2,-2,-1,-1,0,0,0,0,166,541,0,0,0,166,543,4268,0
545,120000,1,1,2,27,0,0,0,0,0,0,52437,50473,45087,35424,31760,31214,5024,5000,5000,4000,5000,3500,0
420,490000,2,2,1,30,0,0,0,0,0,0,192586,197967,201666,205798,196698,190306,10000,7143,7306,6303,6429,6000,0
457,80000,2,2,1,36,-1,-1,-1,-1,-1,-1,1689,8638,5702,2980,1260,7868,8638,5723,2980,1260,7868,2198,0
333,140000,2,2,2,31,-2,-2,-2,-2,-2,-2,390,0,0,0,0,0,0,0,0,0,0,0,0
870,20000,2,3,1,40,-1,-1,-1,-1,-1,-1,2946,0,390,390,390,390,0,390,390,390,390,780,0
252,140000,2,2,1,48,0,-1,-1,-1,-1,-1,1154,1233,862,1355,1130,21361,1233,1075,1355,1130,21361,1347,0
747,90000,2,1,2,25,2,0,0,0,0,-1,84710,87334,87862,18889,-783,73568,4000,3258,1000,0,77500,0,0
198,140000,2,1,2,26,-1,0,-1,-1,-1,-1,13424,18000,13001,5818,13506,487,10000,13001,5841,13506,487,7004,0
486,90000,2,2,2,32,-2,-2,-2,-2,-2,-2,573,0,0,0,0,0,157,0,0,0,0,0,0
597,30000,1,3,1,59,-1,-1,-1,-1,-1,-1,390,390,390,390,390,1320,390,390,390,390,1320,0,1
456,180000,2,2,1,38,0,0,0,0,0,0,152510,151651,159019,123022,126075,126219,5657,10372,5000,5000,5000,5000,0
515,290000,2,1,1,34,0,0,0,0,0,0,93844,97708,103066,104864,110151,115297,6000,7000,5000,7000,7000,7000,0
693,90000,2,2,2,34,-1,2,2,-2,-2,-2,8792,7500,0,0,0,0,0,0,0,0,0,0,0
231,80000,1,1,2,35,-1,-1,-1,-1,-1,-1,7988,3977,6848,1719,1378,19942,3983,6853,1719,1378,19942,2418,0
188,180000,2,1,2,29,-1,-1,-1,-2,-1,0,11386,199,0,0,17227,17042,199,0,0,17227,341,5114,0
536,200000,2,1,2,38,-1,-1,-2,-2,-1,-1,399,0,0,0,218,270,0,0,0,218,270,317,0
169,50000,2,1,2,24,1,-2,-2,-2,-2,-2,-709,-709,-709,-2898,-3272,-3272,0,0,0,0,0,0,1
429,580000,2,1,1,36,0,0,0,0,0,0,159760,162189,166127,169365,168755,167964,6422,6565,5951,6006,5894,5946,0
424,70000,1,1,2,27,0,0,0,0,0,0,70119,68536,66601,29401,28949,29795,3600,1646,600,28468,1327,1000,0
261,150000,2,2,1,25,-1,-1,-2,-1,-1,-1,6156,0,0,316,316,316,0,0,316,316,316,316,0
852,40000,2,1,2,29,0,0,2,2,2,2,26461,29425,30145,29361,33893,34487,3400,1500,0,5000,1300,0,1
592,360000,1,2,2,29,0,0,0,0,0,0,268112,263368,259969,255832,245462,250244,9429,8738,7017,7154,7073,7300,0
898,220000,1,2,2,25,0,0,0,0,0,0,168286,155893,119575,51317,51926,34608,10000,3900,1000,1000,2000,2000,0
413,50000,2,1,2,30,0,0,0,0,0,2,14811,16262,17286,17895,19450,18990,2000,1600,1200,2000,0,1000,0
627,50000,2,2,2,23,0,0,0,0,0,2,26795,28056,29284,30487,33831,33138,2000,2000,2000,4000,0,2000,0
929,30000,1,2,2,32,2,0,0,2,2,2,7851,9065,11595,11112,12923,12566,1500,3000,0,2000,0,1000,1
241,20000,2,2,2,40,0,0,0,0,0,-2,19816,20396,20102,19575,0,0,1601,2203,2114,0,0,0,0
68,200000,2,2,1,32,-1,-1,-1,-1,2,-1,9076,5787,-684,5247,3848,3151,5818,15,9102,17,3165,1395,0
514,10000,2,2,2,22,1,2,0,0,0,0,10250,8558,10525,10050,9903,9984,0,2126,390,328,476,1287,0
179,60000,2,2,1,24,0,0,0,0,0,0,58024,57891,48839,18971,19323,19395,2500,1600,3000,1000,737,2000,1
383,80000,1,3,1,73,-1,0,0,2,2,2,63144,65631,68875,70646,72870,75018,3500,4330,3500,3500,3500,5100,1
339,180000,1,1,1,39,0,0,-1,0,0,-1,274731,281713,242063,122295,-1005,1005,11000,145000,26000,0,101005,1898,0
483,320000,1,2,1,39,0,0,0,0,0,0,93768,91523,91579,91193,92837,95323,3317,3506,4218,5000,6080,938,0
185,20000,2,2,2,31,1,5,4,4,3,2,21703,21087,21461,20835,20219,20487,0,1000,0,0,760,0,0
148,350000,1,1,2,41,1,-1,-1,-1,-1,-2,208,2906,1000,630,0,0,2906,1000,630,0,0,0,0
379,170000,2,2,2,28,-1,0,0,2,0,0,2948,3848,5646,5464,5577,5889,1105,1903,0,296,500,95,1
381,410000,2,5,1,42,0,0,0,0,0,0,338106,342904,344464,240865,234939,240176,15000,14000,9000,8500,9000,8300,0
126,30000,2,1,2,23,1,-2,-2,-2,-1,-1,4000,5645,3508,-27,13744,5906,5645,3508,27,13771,5911,3024,0
145,260000,2,1,1,60,1,-2,-1,-1,-1,-1,-1100,-1100,21400,0,969,869,0,22500,0,969,1000,0,0
541,390000,2,1,2,31,0,0,0,0,0,0,50620,43220,44237,46495,47751,51941,5000,3000,3000,2000,5000,5000,0
133,210000,2,2,1,33,0,0,0,0,0,0,7166,7997,8792,9189,4404,5708,1500,1500,1000,500,2000,546,0
540,360000,2,1,1,34,-1,0,0,-1,0,-1,12339,10138,23912,9785,166,2142,10000,13912,9785,0,2142,4230,0
618,90000,2,1,2,27,0,0,-2,-2,-2,-2,7624,0,0,0,0,0,0,0,0,0,0,0,0
311,60000,1,2,2,23,0,0,0,0,0,0,49507,33282,34312,17277,17808,19346,1970,2000,618,809,2000,616,1
189,180000,2,1,2,24,-1,-1,2,0,0,-2,14670,22087,21282,10200,0,0,37867,0,200,0,0,0,0
477,140000,1,2,2,26,0,0,2,2,2,2,131367,146193,140202,144035,140419,130271,17000,0,11400,550,5300,5400,1
654,80000,2,1,2,23,0,0,0,0,0,-1,53261,38091,19744,14556,0,1460,4500,2011,3105,0,1460,0,0
201,20000,1,3,1,43,-1,-1,0,0,0,0,227,20351,20237,19339,19450,19337,22359,1305,1258,1459,3457,1700,0
130,30000,2,2,2,22,0,0,0,0,0,0,28452,26145,26712,25350,17603,-780,2000,1400,0,500,0,1560,0
660,40000,2,2,1,32,0,0,0,2,2,2,24114,25417,28777,29107,29693,30456,2000,4110,1100,1200,1400,0,0
402,120000,2,2,1,25,0,0,0,-2,-2,-2,26476,21393,0,0,0,0,6000,0,0,0,0,0,0
437,100000,1,1,2,32,0,0,0,0,2,2,83831,85586,87289,91451,93381,89522,4000,4037,6500,3500,0,3200,0
564,50000,1,3,2,26,0,0,0,0,0,0,35429,30626,30241,20284,19166,19567,1537,1947,800,1000,718,683,0
502,500000,2,2,2,43,-1,-1,-1,0,0,-1,3959,0,285138,249445,222831,200,0,285138,4989,100,200,528666,0
584,130000,2,2,2,29,0,0,0,0,0,0,131575,130931,132969,45584,46516,47455,6700,6000,1291,1319,1336,1365,0
804,190000,2,1,2,26,0,0,0,0,0,2,31061,32129,33142,33726,35758,35171,1750,1720,1300,2600,0,1400,0
700,30000,2,2,3,22,1,2,4,3,2,2,22582,26518,25814,25110,24569,26357,4600,0,0,0,2200,2500,0
604,450000,2,3,1,36,-2,-2,-2,-2,-2,-2,3996,9120,8528,0,6368,3000,9120,8528,0,6368,3000,3238,0
835,500000,1,1,1,43,1,-2,-2,-2,-2,-2,0,0,0,0,0,0,0,0,0,0,0,0,1
749,500000,2,2,2,43,-1,0,0,0,0,0,43346,43976,39032,29092,22725,11590,4006,2383,1126,782,596,1572,0
628,20000,2,3,1,25,0,0,0,0,0,-2,16591,16442,6401,4300,1304,0,1155,1000,0,1304,0,0,0
334,50000,2,2,1,31,0,0,0,0,0,0,46512,47716,49675,30929,30078,29170,1974,4406,1061,1073,1046,1047,1
513,50000,1,2,1,47,0,0,0,0,0,0,13917,16695,21320,18614,19003,19439,3000,5000,2000,618,679,500,0
922,20000,1,2,1,46,0,0,0,0,0,0,5902,6767,8145,8153,8324,8490,1122,1500,291,302,304,319,0
224,50000,1,2,2,23,2,0,0,0,0,0,49758,48456,44116,21247,20066,18858,2401,2254,2004,704,707,1004,1
593,210000,2,3,2,31,1,-2,-2,-2,-2,-2,0,0,0,0,0,0,0,0,0,0,0,0,0
468,180000,1,2,1,34,-1,-1,-1,-1,-1,-1,2927,2790,1140,2144,1180,1382,2790,1140,2144,1180,1382,2440,0
821,170000,2,2,2,33,1,-1,-1,-1,-2,-2,0,7042,2986,0,0,0,7042,2986,0,0,0,0,0
945,160000,2,3,1,51,-1,2,-1,-1,-1,-1,2000,1000,2125,2125,1000,2125,0,2125,2125,1000,2125,23250,0
150,30000,2,3,2,26,0,0,0,0,0,0,9014,10406,11427,11935,13084,14206,1700,1500,1000,1500,1500,1500,0
314,50000,2,3,1,46,3,2,2,0,0,0,48522,50955,29516,29742,29898,24883,3754,1,1070,1030,863,654,0
114,400000,1,2,1,34,-1,-1,-1,-1,-1,-1,19660,9666,11867,7839,14837,7959,9677,11867,7839,14837,7959,5712,0
520,210000,2,1,2,32,0,0,0,0,0,0,67374,69489,70937,71761,73505,74827,3200,3200,2600,2900,2700,3000,0
248,140000,2,2,2,26,0,0,0,0,0,0,101551,105246,104781,105334,107699,106828,5366,5087,3605,3894,3785,3304,1
825,50000,2,2,1,48,0,-1,-1,0,0,0,20944,4696,47225,16483,9343,9693,2360,49325,3001,1882,500,503,0
163,100000,1,2,1,27,-1,2,2,0,0,0,102349,96847,58824,29336,22979,-246,3166,0,1330,1398,12,50000,0
173,50000,1,2,2,30,1,2,0,0,0,2,48860,47801,48363,30221,22877,22361,0,1500,1000,2000,0,2000,0
808,140000,2,1,2,24,1,-2,-2,-2,-1,-1,0,0,0,0,1086,0,0,0,0,1086,0,0,0
710,400000,2,1,2,31,-2,-2,-2,-2,-2,-2,203,767,664,1250,-10,2174,770,667,1256,0,2184,0,0
423,170000,2,1,2,31,-1,-1,-1,-1,0,-1,199,199,199,398,199,199,199,199,398,0,199,398,1
310,100000,1,1,2,27,0,0,0,0,0,0,55734,52557,33415,28776,17580,6441,1631,1286,200,645,909,200,0
465,90000,2,1,1,41,-1,-1,-1,-1,-1,-1,6160,3274,6190,307,2870,670,3276,6246,307,2870,670,1362,0
271,70000,2,2,2,36,0,0,0,0,0,0,68699,69120,68376,30163,14310,15085,4483,12496,3268,3000,3000,2000,0
770,50000,2,1,2,33,-1,2,-1,-1,-1,-2,7363,5180,31902,11044,0,0,39,32013,11079,0,0,0,0
829,230000,2,3,2,30,-1,-1,-1,0,0,0,550,0,13013,14265,13659,0,0,13013,1252,3659,0,0,0
485,260000,2,1,1,34,-1,-1,-1,-1,-1,-1,16426,6088,4663,3885,4414,2514,6277,4663,4140,4414,2646,7725,0
418,230000,2,2,2,38,-1,-1,-1,-1,-1,-1,10237,2795,1350,371,2980,0,2795,1350,371,2980,0,2213,0
869,180000,1,1,1,45,-1,-1,-1,-1,-1,-1,4453,3310,7226,5060,2832,1890,3310,7228,5060,2832,1890,2576,0
554,20000,1,2,2,29,0,0,0,-2,-2,-2,17208,18419,0,0,0,0,2055,0,0,0,0,0,0
674,300000,2,2,2,31,-1,-1,-1,-1,0,-1,3345,1083,4339,7423,4059,2508,1087,4355,7423,0,2508,4141,0
642,60000,1,3,1,31,2,0,0,-2,-2,-2,35369,35320,0,0,0,0,1027,0,0,0,0,0,1
421,80000,2,2,1,32,-1,-1,-2,-2,-2,-2,11262,0,0,0,0,0,0,0,0,0,0,0,0
491,50000,1,1,1,41,-1,-1,-1,-1,-1,-1,508,672,226,390,220,320,1000,390,1000,220,640,1000,0
208,40000,2,3,1,43,0,0,0,0,0,0,38257,38901,38103,36207,33138,31339,1700,1504,1200,1500,1500,1000,0
853,100000,2,3,1,43,2,2,2,2,2,2,50485,51582,52141,52691,54199,53176,2200,2000,2000,2500,0,4500,1
175,80000,2,2,1,29,0,0,2,0,0,0,77883,81811,80250,61467,10662,11486,5800,1000,600,400,1000,0,0
873,280000,2,2,2,27,-1,-1,-1,-1,-1,-1,5924,5174,980,3058,3158,9530,5174,1078,3058,3158,9530,0,0
280,230000,2,3,1,32,0,0,0,0,0,0,195126,88743,92195,94814,98182,98457,5000,5000,5000,5000,4000,5000,0
432,60000,2,1,2,27,-1,-1,-2,-1,2,-1,14072,0,0,300,150,150,0,0,300,0,150,200,0
753,230000,2,2,1,30,2,0,-1,-1,-1,-1,9636,10152,1817,-828,6153,12663,1222,1837,0,7863,12675,2959,1
387,280000,2,2,1,39,1,-1,0,0,0,0,-1312,35918,37297,37154,32581,33316,38621,2000,1130,922,1011,5000,1
438,30000,2,1,2,26,1,-2,-1,-1,-1,-1,0,0,945,0,197,2995,0,945,0,197,2995,0,0
680,320000,1,1,1,40,0,0,0,0,0,0,247276,241167,238196,231580,229683,235837,10000,10000,10000,19000,13000,8000,0
746,50000,2,2,1,26,1,-2,-1,0,0,0,0,0,1756,2719,4049,5176,0,1756,1000,1537,1200,2000,0
797,20000,1,2,2,25,4,3,2,0,0,0,20610,20005,19331,19333,17363,16314,0,0,500,715,326,0,1
473,70000,2,2,1,37,0,0,0,2,0,0,66759,68200,72972,71248,50610,50809,2518,5950,0,1782,1985,2700,0
254,100000,2,3,1,43,0,0,-2,-2,-2,-2,62170,0,0,0,0,0,0,0,0,0,0,0,0
892,110000,1,1,3,55,1,2,2,2,3,2,92610,94755,92351,101140,99260,101577,4500,0,11300,0,4100,0,1
458,290000,2,2,2,26,0,0,0,-1,-1,0,20807,99860,100000,3015,23473,1448,80000,3000,3015,23473,1148,4900,0
796,400000,1,1,2,37,-1,-1,-1,-1,-2,-1,385,12695,1290,0,0,3058,13032,1290,0,0,3058,3768,0
479,90000,1,3,1,48,1,2,2,2,2,2,77604,73317,71334,67009,63228,59378,1700,4000,1600,1600,1500,4086,0
256,510000,2,1,2,29,0,0,0,0,0,0,78331,99414,107686,103776,87265,36739,40010,20094,5000,5001,25365,65000,0
327,130000,2,2,2,40,0,0,2,0,0,0,9559,12394,11883,9826,10167,12685,3000,0,500,500,2700,500,1
572,270000,2,1,2,28,-1,-1,-1,0,0,0,475,475,5691,37526,50565,48888,475,5691,34000,14000,8000,15000,0
596,310000,2,2,1,43,0,0,0,0,0,0,23396,24182,25135,25095,25356,25514,1426,1379,867,898,933,807,0
113,80000,1,2,2,26,2,0,0,0,0,0,14029,15493,16630,17055,17629,18186,2000,1700,1000,1000,1000,1000,1
518,360000,1,1,2,28,-1,-1,-1,0,0,-1,1210,820,64644,125984,106584,125557,390,75720,62520,17000,132200,167000,1
630,110000,1,3,1,56,0,0,0,0,0,0,46486,35758,34323,30452,22628,23468,4086,1428,1318,2171,3198,4976,0
586,230000,2,1,1,30,0,0,0,-1,0,0,30341,25981,24092,65840,56538,51522,5000,5000,65840,2000,2000,10000,0
731,70000,2,3,1,50,-2,-2,-1,0,0,0,27345,-1041,17571,17920,18296,18659,1041,18862,640,663,666,690,0
8,630000,2,2,2,41,-1,0,-1,-1,-1,-1,12137,6500,6500,6500,6500,2870,1000,6500,6500,6500,2870,0,0
947,80000,2,2,1,32,0,0,0,0,0,0,81074,78262,76163,76813,77511,79069,3700,3400,2900,2900,2841,3100,0
776,230000,1,1,2,29,0,0,2,2,2,0,40732,44563,42804,44020,41278,34672,5000,0,3000,0,3000,3000,0
863,100000,1,1,2,35,0,0,-2,-2,-2,-2,29109,0,0,0,0,0,0,0,0,0,0,47970,0
242,250000,2,2,1,75,0,-1,-1,-1,-1,-1,52874,1631,1536,1010,5572,794,1631,1536,1010,5572,794,1184,0
591,200000,1,1,1,43,0,0,0,0,0,0,144678,140804,136437,135253,134629,134309,5090,5014,5009,4844,5002,4902,0
492,200000,2,3,2,47,0,0,0,0,0,0,203183,202961,194449,196814,200526,198717,7521,7000,7000,7128,8000,7100,0
177,80000,2,3,2,35,0,-1,0,0,0,0,49608,12412,14873,17364,17770,17460,12500,6500,3000,2000,3000,2000,0
495,20000,1,1,1,38,0,0,0,2,2,0,15912,17272,20565,20705,20255,19933,1623,3916,750,0,800,850,0
109,100000,2,1,2,24,0,0,0,0,0,0,52128,52692,54477,56076,60100,59713,2000,2677,3076,5080,3000,2033,0
358,50000,1,2,2,32,4,3,2,0,0,0,45734,44741,43562,44039,45008,25775,0,0,1262,1358,1275,1590,0
493,20000,1,2,2,23,0,0,2,0,0,0,16440,20417,18333,18848,30190,19664,7403,0,820,1025,1113,104,0
633,50000,1,2,1,41,0,0,0,0,0,0,21986,21520,20979,19894,18811,18805,1362,1294,682,680,694,618,0
526,50000,1,2,2,23,0,0,0,0,0,0,34549,18552,19334,18165,19322,19575,2836,1200,13000,1500,9000,1000,0
503,180000,2,2,2,28,0,0,0,0,0,2,42238,38741,36696,35813,37893,34661,2500,2000,1128,2500,0,2000,0
607,360000,2,1,2,29,0,0,-2,-2,-2,-1,3280,0,0,0,0,2650,0,0,0,0,2650,0,1
238,50000,2,2,2,27,0,0,0,0,0,0,26655,27724,28676,27990,28790,29399,1800,1750,900,1200,1200,1100,0
926,260000,2,2,2,24,0,0,0,0,0,0,68411,60386,48663,50998,53835,56728,2500,4000,4000,3835,3805,3000,0
662,70000,2,3,1,27,0,0,0,0,0,2,61611,62711,63695,63926,67361,59480,3011,3095,2000,4600,0,2258,0
291,200000,1,1,2,31,0,0,0,0,0,0,194353,197344,186292,133345,133634,133990,9000,7465,4715,4804,5141,5300,0
579,80000,2,3,2,53,0,0,0,0,0,0,77766,77954,78512,60452,61556,54022,4000,2374,2007,2500,3000,2000,0
350,50000,1,3,1,58,2,2,2,0,0,2,15899,18720,18122,18530,19089,18856,3400,0,1000,1001,634,638,0
986,50000,2,3,1,39,0,0,2,-1,0,0,58300,59727,142,29886,30510,31276,7876,161,74354,927,1089,9100,0
497,90000,2,2,1,35,1,2,2,2,2,2,23132,22474,28067,27320,31199,30548,0,6000,0,4500,0,2000,0
774,50000,2,1,1,32,2,0,0,-1,0,-1,47858,49223,42589,639,4639,2312,2500,3000,7000,4000,2413,2000,1
40,40000,2,1,2,30,0,0,0,2,0,0,18927,21295,25921,25209,26636,29197,3000,5000,0,2000,3000,0,0
200,360000,2,2,1,48,0,0,0,0,0,0,226430,231878,234192,190211,173557,146511,9100,7300,5800,5600,5600,4100,0
703,30000,2,3,1,46,1,2,2,2,2,2,12289,11806,13268,12758,13549,14673,0,1970,0,1000,1500,0,0
382,80000,2,1,2,29,1,-1,-1,-2,-2,-2,0,80000,0,0,0,0,80000,0,0,0,0,0,0
203,210000,2,2,1,41,-1,-1,-1,-1,-1,-1,3088,1586,343,3763,877,0,1586,343,3763,877,0,419,1
573,80000,1,1,2,31,-1,-1,-1,-1,2,-1,5994,32223,8308,4082,538,4085,13647,8314,4082,0,4085,0,0
168,50000,2,2,2,22,-1,0,0,0,0,0,8567,15273,11650,7457,3115,7725,15000,1000,149,0,5000,10000,0
370,180000,1,1,1,46,0,0,0,0,0,0,173267,174590,175233,106288,28089,178719,8100,5299,3305,5040,160719,7000,0
335,120000,2,1,2,34,-1,-1,0,-1,-1,-1,882,6531,6313,1100,1330,830,6900,5037,1100,1330,3800,2037,0
93,150000,1,1,2,27,0,0,0,0,0,0,86009,86108,89006,89775,87725,40788,4031,10006,3266,4040,1698,800,0
721,10000,1,2,1,45,0,0,0,2,0,0,7139,8416,9815,9508,9754,10192,1400,1700,0,400,600,200,1
376,130000,2,2,2,29,0,0,0,0,0,0,89055,90780,70947,72367,73875,75355,4200,2575,2600,2674,2701,5750,0
476,250000,2,2,1,40,0,0,0,0,-1,2,44930,137101,90801,0,1069,919,120041,4435,0,1069,0,67619,0
419,200000,1,2,1,38,2,2,2,0,0,0,104978,105924,102663,97090,98045,105253,4500,0,3500,3500,9000,0,1
403,500000,1,1,1,37,1,2,0,0,0,0,507062,491956,430637,376657,356636,303510,325,15296,12137,12312,14113,10526,0
3,100000,2,2,2,23,0,-1,-1,0,0,-1,11876,380,601,221,-159,567,380,601,0,581,1687,1542,0
57,70000,1,2,1,39,0,0,0,0,0,-1,70800,72060,69938,16518,14096,830,4025,2095,1000,2000,3000,0,0
348,380000,1,1,2,30,1,-2,-2,-2,-2,-2,0,0,0,0,0,0,0,0,0,0,0,0,1
345,30000,2,2,2,26,0,0,0,0,0,0,17893,19012,20123,20222,20796,19844,1411,1522,621,795,715,1000,1
507,120000,2,2,2,35,-1,-1,-1,-1,-1,-1,240,240,240,240,240,240,240,240,240,240,240,240,1
253,160000,2,2,1,33,-1,-1,-1,-1,0,-1,8015,2453,9624,52572,7333,2210,2453,9880,52572,1546,2210,0,0
59,50000,2,2,1,46,0,0,0,-2,-2,-2,28718,29166,0,0,0,0,1000,0,0,0,0,0,1
960,50000,1,2,2,24,0,0,-1,-1,0,0,14937,12171,3847,11117,6479,6187,3027,3858,11139,3009,3016,3008,0
215,310000,2,1,2,38,-1,-1,-1,-1,-2,-2,1424,4542,126,0,0,0,4542,126,0,0,0,0,0
172,80000,1,1,2,30,-2,-1,0,0,0,0,6187,100,600,1438,1919,5380,504,500,1000,500,3500,0,0
266,100000,1,3,2,32,0,0,0,0,0,0,70003,31545,20974,19713,19848,18126,2035,2004,616,2007,1009,2015,0
928,160000,2,2,2,29,2,2,-1,-1,-1,-1,1989,-8,866,0,892,0,0,874,0,892,0,594,1
317,340000,2,1,2,27,0,0,0,0,0,0,172180,180140,166281,155628,145645,103263,21105,5461,5000,5849,2732,50000,0
682,20000,2,3,1,41,-1,-1,-1,0,0,0,780,0,732,642,1252,643,0,732,300,1000,500,1000,1
249,160000,2,1,2,28,0,0,0,0,-1,0,70243,47779,28052,7222,99669,84426,7042,2000,1000,99669,12600,10000,0
289,10000,1,2,2,27,0,0,2,0,0,0,7015,10227,9560,9901,9963,10182,3507,0,500,370,393,700,1
819,20000,2,1,2,22,0,0,0,0,0,0,20243,20400,19583,19983,20196,19705,1410,1200,534,700,1000,0,0
385,260000,1,1,1,30,-1,-1,-1,0,0,-1,1131,291,582,291,0,291,291,582,0,0,130291,651,1
307,180000,2,2,1,34,0,0,0,0,0,0,143301,146333,147042,127814,130331,132845,7000,5000,5000,4900,5000,5100,0
60,130000,2,2,1,51,-1,-1,-2,-2,-1,-1,99,0,0,0,2353,0,0,0,0,2353,0,0,0
735,80000,2,2,2,25,2,0,0,2,0,0,17330,19258,23416,22768,23243,23718,3000,4790,0,816,833,2000,1
818,150000,1,2,1,50,-1,0,0,2,0,0,55336,58255,36260,35037,34631,63156,5085,4000,0,2000,30000,5000,0
134,50000,2,3,1,51,-1,-1,-1,-1,-2,-2,752,300,5880,0,0,0,300,5880,0,0,0,0,1
652,290000,2,3,2,27,0,0,0,0,-1,-1,13820,15614,16293,7760,2000,0,2000,1300,0,2000,1000,0,0
686,150000,1,2,2,35,0,0,0,-1,-1,-1,60015,72227,51364,54340,0,2129,20000,30000,54340,0,2129,0,0
324,340000,1,2,1,55,-2,-1,-1,-2,-2,-2,50396,44665,8300,2190,24599,7416,44665,8321,2190,24599,7416,77195,0
414,50000,1,2,1,48,0,0,0,0,0,0,44338,43048,35639,18753,19091,19548,3629,3332,2000,2000,2000,2500,0
70,340000,1,1,2,32,-1,-1,-1,-1,-1,-1,3048,5550,23337,4291,80153,25820,5713,23453,4314,80552,25949,2016,0
780,230000,2,2,1,32,0,0,0,0,2,0,87764,73526,72376,76870,75211,76645,2630,2614,6000,0,3000,2800,1
33,60000,2,2,2,22,0,0,0,0,0,-1,15054,9806,11068,6026,-28335,18660,1500,1518,2043,0,47671,617,0
534,50000,2,1,2,52,0,0,0,-2,-1,-1,3257,4166,0,0,318,0,1000,0,0,318,0,0,0
53,180000,2,2,1,34,0,0,0,0,0,0,175886,173440,172308,168608,132202,129918,8083,7296,5253,4814,4816,3800,0
220,50000,2,3,2,37,1,3,2,0,0,0,52626,51537,49205,30394,30249,29957,0,24,1500,1000,1201,30592,1
943,50000,1,2,1,59,0,0,0,0,0,0,47069,48479,49520,18990,19539,19791,2169,2210,680,855,726,687,0
247,30000,1,2,2,28,0,0,0,0,0,0,29242,29507,29155,25255,22001,0,5006,1244,851,955,0,0,0
963,220000,2,1,1,36,-1,-1,0,-1,-1,-1,996,4102,4111,1057,990,1324,4102,1111,1057,990,1324,1039,0
762,110000,2,2,1,35,0,0,0,0,0,0,81665,46070,34419,36829,38080,40434,2460,2000,3000,2000,3000,5000,0
527,50000,1,2,3,30,0,0,0,0,0,0,97538,49187,17518,17710,18079,18302,2454,1588,780,803,673,637,0
24,50000,2,3,1,47,-1,-1,-1,-1,-1,-1,650,3415,3416,2040,30430,257,3415,3421,2044,30430,257,0,0
915,90000,2,1,2,23,0,0,0,0,0,0,22109,25011,29230,32747,38217,43744,6000,5000,4000,6000,8000,4000,0
236,60000,2,1,2,28,1,2,2,-2,-2,-1,21501,20650,0,0,0,2285,0,0,0,0,2285,0,0
697,200000,2,1,1,27,-1,-1,-1,-1,-1,-1,5780,105,105,0,7384,8588,105,105,0,7384,8588,1304,0
221,170000,2,1,2,28,0,0,0,0,0,0,130370,131199,128900,125514,127280,128839,6530,4860,22500,4820,4877,4962,0
352,240000,2,2,2,26,0,0,0,0,0,0,141315,128940,124226,113133,113966,103360,6349,5834,3870,4000,3825,3520,0
384,150000,1,2,1,43,0,0,0,0,0,0,153249,154049,156523,159653,162866,157759,7900,6500,5700,5700,5700,5334,0
713,70000,2,2,1,33,0,0,0,0,0,0,69418,68943,38783,3758,1261,0,2382,2025,1000,25,0,1651,1
599,140000,2,2,2,28,2,2,2,0,0,2,26450,28823,28171,28740,30454,29930,3007,0,924,2070,0,3000,0
373,140000,2,1,2,28,-1,0,0,-1,-1,-1,10833,14446,7609,4991,3400,3745,14000,3855,4991,3600,5500,4000,0
620,90000,2,1,2,24,-1,-1,-2,-2,-2,-2,491,0,0,0,0,0,0,0,0,0,0,0,0
426,90000,2,2,2,25,0,0,0,0,0,0,91894,71732,73241,74424,76070,77648,3200,3300,3000,3001,3000,3100,0
956,380000,1,1,2,43,1,2,2,-2,-2,-2,8201,7882,-2,-2,-2,-2,39,0,0,0,0,0,1
858,30000,2,3,2,52,2,2,7,7,7,7,2450,2450,2450,2450,2450,2450,0,0,0,0,0,0,1
671,90000,1,3,2,42,2,2,2,2,2,2,64762,63164,32789,31641,29240,28306,0,2900,0,2500,0,1300,1
894,90000,2,3,3,51,0,0,0,0,2,0,11315,12340,13349,14276,13904,14184,1212,1221,1148,0,510,525,1
533,120000,1,2,1,44,0,0,0,0,0,0,92007,87939,82094,59105,53442,46775,5417,2847,2066,1919,2200,0,0
616,150000,2,2,1,39,0,0,0,0,0,0,36146,36184,37511,33080,30223,31561,3000,3000,3000,2500,2000,2000,0
250,400000,2,2,2,29,-1,0,-1,-1,-1,-1,19532,3719,1453,4944,1896,2486,3127,1469,4968,1905,2494,862,0
415,260000,2,1,2,36,1,-2,-2,-2,-2,-2,0,0,0,0,0,0,0,0,0,0,0,0,1
388,310000,1,2,1,44,0,0,0,0,0,0,103797,91989,87720,76218,72090,71620,4400,4013,3011,3000,3001,2653,0
742,50000,2,2,1,34,0,0,0,0,0,0,10821,11877,13656,14949,16567,16826,1221,2000,1500,2000,2000,4000,0
809,300000,2,3,1,29,-1,0,0,0,0,-1,24921,21333,16212,11304,11396,6138,2000,3000,0,5000,6202,0,0
948,500000,2,3,2,42,-2,-1,-1,0,0,0,10889,26146,104279,103945,101945,90193,29987,104279,2085,1130,45551,0,0
263,130000,2,3,2,49,0,0,0,0,0,0,89003,91362,72197,49654,28065,27500,4100,3095,1630,561,600,0,1
89,160000,2,2,1,37,-1,-1,-1,-1,-1,-2,880,1602,840,840,0,0,1602,840,840,0,0,7736,0
390,360000,1,1,1,51,-1,-1,-1,-2,-2,-2,38000,25000,0,0,0,0,25000,0,0,0,0,0,0
235,140000,2,2,3,41,0,0,0,0,0,0,19346,21708,22940,19068,16409,16383,3000,2000,2198,1000,3000,2399,1
0,50000,1,2,1,57,-1,0,-1,0,0,0,8617,5670,35835,20940,19146,19131,2000,36681,10000,9000,689,679,0
933,240000,1,1,2,34,1,2,-1,-1,0,-1,11874,5979,6938,41858,10416,1711,0,6938,41877,0,1711,27162,0
712,160000,2,2,2,27,0,0,0,0,0,0,80964,80337,82182,82586,85145,87049,4000,4000,3500,4000,4000,2500,0
344,140000,2,2,2,31,0,0,0,0,0,0,138119,137950,140254,139679,141748,142174,6600,6500,5100,5300,6000,5000,0
81,160000,1,2,2,33,0,0,0,0,0,0,130028,107808,71934,118418,118407,120418,4400,3547,80000,4500,4800,4500,0
648,20000,2,1,2,22,0,0,0,0,0,0,20137,20179,18067,18666,19115,19547,1300,1301,900,900,900,1600,0
7,260000,2,1,2,51,-1,-1,-1,-1,-1,2,12261,21670,9966,8517,22287,13668,21818,9966,8583,22301,0,3640,0
288,30000,1,2,1,43,3,2,2,2,2,2,1700,2610,1914,2182,2000,2566,1100,0,300,0,600,0,0
460,170000,2,3,3,56,1,-2,-1,-1,-2,-1,0,0,1991,0,0,150,0,1991,0,0,150,614,0
866,20000,2,2,3,52,0,0,0,0,0,0,14591,15616,16628,16958,17314,17664,1265,1277,607,629,638,641,0
401,200000,1,1,1,52,-2,-2,-2,-2,-2,-2,3858,2690,3410,0,0,82150,2690,3487,0,0,85900,396,0
617,180000,2,2,2,28,-1,-1,-1,-1,-1,-1,340,-120,420,460,460,610,0,1000,500,460,610,460,0
117,450000,1,1,1,40,1,-2,-2,-2,-2,-2,0,0,0,0,0,0,0,0,0,0,0,0,1
258,160000,2,1,1,38,-1,-1,-1,-1,2,-1,4473,4664,5969,18941,16578,12652,4664,5969,18941,0,12652,1916,0
347,200000,1,1,1,36,1,-2,-1,-1,-2,-1,-14386,-13543,3432,-3684,0,1386,10118,47015,0,4000,100000,10000,0
369,30000,1,3,3,54,0,0,0,0,0,0,22987,22298,22352,23221,24339,25943,2500,2000,1500,4000,2000,0,0
368,90000,2,1,2,34,0,0,0,2,2,2,34302,35089,43449,42451,49718,48767,1640,9000,0,8000,0,2000,0
305,60000,2,1,2,27,-1,-1,-1,-1,-1,-1,20847,13801,14366,4889,273,11736,13809,14583,4889,273,13557,0,0
509,50000,1,2,2,23,2,2,2,2,2,2,29509,30741,31438,31924,32566,33081,2000,1500,1300,1300,1200,1500,1
20,90000,1,1,2,23,0,0,0,-1,0,0,4744,7070,0,5398,6360,8292,5757,0,5398,1200,2045,2000,0
761,510000,2,1,2,35,-1,0,0,0,0,-1,2115,2116,5560,4535,3488,1116,1117,4560,91,69,1116,2115,0
911,200000,1,1,1,39,-2,-2,-2,-2,-2,-2,0,0,0,0,0,3983,0,0,0,0,3983,0,0
232,150000,2,2,2,27,0,0,0,0,0,0,127402,110050,51547,44384,36900,29497,4500,1745,1566,1208,1077,2529,0
935,200000,2,2,1,32,-1,-1,-1,-1,-1,-1,5150,10190,10190,10190,10594,11193,10190,10190,10190,10594,11193,10190,0
729,160000,2,1,1,37,-1,-1,-1,-1,-1,-1,316,316,0,316,632,0,316,0,316,632,0,316,0
357,320000,2,2,2,30,0,0,0,0,0,0,71305,71151,72029,72849,74374,74610,2589,2568,2570,2661,2781,2500,0
893,170000,2,1,2,28,2,2,2,2,2,2,131864,133897,129761,138604,136283,145012,5600,0,11000,0,11000,5656,1
798,50000,2,3,1,44,-1,-1,-1,-1,0,0,2000,780,0,7472,10174,11104,780,0,7472,3000,1104,1000,0
921,180000,1,1,2,27,-2,-1,2,2,-2,-2,11392,14688,14040,13440,13440,13080,3500,0,0,0,0,0,1
973,180000,1,1,2,28,-1,-1,-1,-1,-1,-1,666,662,-4,55566,1056,390,662,0,61411,1056,0,1998,0
694,280000,1,1,1,41,-2,-2,-2,-2,-1,0,28026,41302,51500,35752,3955,13969,41346,52110,35752,3955,13939,4437,0
434,50000,2,1,1,25,0,0,0,0,0,0,51044,50231,46677,44982,21399,20859,2500,3008,1000,761,800,704,0
184,130000,2,2,1,34,1,-1,0,0,0,0,0,5396,10270,13576,13864,14636,5396,5000,3500,501,1000,2000,0
532,440000,2,1,2,35,0,0,0,0,0,0,330759,337794,274075,252584,216547,179221,13100,11000,10000,9000,7100,5500,0
411,50000,2,3,1,35,-1,-1,-1,-2,-2,-2,22500,5000,0,0,0,0,5000,0,0,0,0,640,0
884,90000,2,2,2,24,0,0,0,0,0,2,24401,22771,19461,16181,14669,14422,1454,1384,407,673,0,102,0
346,90000,1,1,2,26,0,0,-1,0,0,-1,39128,20473,1940,1940,0,23101,1541,4200,0,0,23101,3000,0
375,50000,1,2,2,31,0,0,0,0,0,0,20526,15129,15093,9577,11139,12487,2000,3000,327,3000,3000,5000,1
262,10000,1,3,2,23,0,0,0,0,0,2,6974,7838,9002,9182,9729,9411,1134,1298,478,847,0,175,0
377,50000,2,2,1,37,2,2,2,0,0,0,1894,3200,3381,3559,1948,2415,1500,400,200,500,500,400,1
644,280000,2,2,1,44,2,2,2,2,2,2,186149,181779,192189,195517,199250,195874,0,15000,8000,7000,0,15000,1
792,230000,2,1,2,29,-2,-2,-2,-2,-2,-2,0,0,0,0,0,0,0,0,0,0,0,0,0
316,110000,1,2,2,29,1,2,2,0,0,0,58362,56598,51908,48647,47862,47969,2500,0,2000,2000,1854,2000,1
490,80000,2,1,1,28,0,0,0,0,0,0,8574,9434,10038,10040,10400,10490,1203,1047,248,408,294,276,1
30,500000,1,1,1,58,-2,-2,-2,-2,-2,-2,13709,5006,31130,3180,0,5293,5006,31178,3180,0,5293,768,0
772,200000,1,1,2,26,-2,-2,-2,-2,-1,-1,12716,16164,1954,5297,1483,3393,16244,1963,3359,4849,3410,2994,0
330,20000,1,1,2,27,0,0,0,0,0,0,20571,19089,19658,19453,19108,18868,1323,1600,830,700,674,376,0
576,30000,1,2,2,28,1,-1,-1,-2,-2,-2,0,780,0,0,0,0,780,0,0,0,0,0,1
679,310000,2,2,2,28,0,0,0,0,0,0,106468,108955,112374,54762,58189,57170,8000,6000,5000,5000,4000,5000,0
608,50000,1,2,1,37,0,0,0,0,0,0,48226,48727,46228,46755,43686,44573,2000,1684,1601,2000,2000,2000,0
17,120000,2,2,1,39,-1,-1,-1,-1,-1,-1,316,316,316,0,632,316,316,316,0,632,316,0,1
736,170000,2,2,1,33,0,0,0,0,0,0,109863,79574,78440,80141,81862,84237,4380,3000,3000,3000,4000,4500,0
529,100000,2,3,1,50,2,0,0,3,3,2,53849,55030,61574,62470,61198,62524,2050,7500,2500,0,2500,2500,1
601,50000,1,1,2,34,1,2,2,2,2,2,22746,22099,24121,23437,25101,24549,0,2700,0,2200,0,1030,0
981,130000,1,3,2,43,1,-1,-1,-2,-1,-1,1018,6377,-2,935,4985,1212,6433,2,937,4990,1215,9546,1
281,210000,2,1,1,46,-1,-1,-1,-1,-1,-1,110346,41986,21874,20076,16171,586,41986,21874,20076,16171,586,19777,0
290,130000,1,1,2,29,1,-2,-2,-2,-2,-2,0,0,0,0,0,0,0,0,0,0,0,1500,0
212,240000,2,2,1,36,1,-2,-2,-2,-2,-2,-946,-946,-946,-946,-946,-946,0,0,0,0,0,0,1
732,150000,2,3,2,28,0,0,0,0,0,0,101593,101886,101441,100829,101913,96704,4000,4032,3410,4000,3665,3050,0
583,210000,1,3,2,25,-1,-1,2,-1,-1,-1,8817,23634,21776,9631,1561,1990,23776,0,9631,1561,1990,7967,1
199,120000,1,2,2,26,0,0,0,0,0,0,107314,110578,113736,116000,119131,122135,5000,5000,4152,5000,5000,5000,0
309,200000,2,3,1,49,-1,2,2,2,0,0,52439,51040,56205,54723,58657,59983,0,6000,0,5000,2286,3000,1
217,330000,2,3,2,45,0,0,0,0,0,0,335196,334954,335527,333860,335760,330121,12388,12378,12116,12450,12213,11678,0
640,30000,2,2,1,31,0,0,2,0,0,0,29493,19433,18782,19006,19637,21251,3200,0,742,1000,2000,0,0
919,20000,2,1,2,24,-1,-1,2,-1,0,-1,1371,796,398,796,398,716,796,0,796,0,716,12111,0
147,80000,1,1,2,25,0,0,0,0,0,0,42444,55744,43476,41087,41951,31826,30000,3000,6000,8000,2000,14000,0
946,30000,1,1,1,27,-1,0,0,0,0,-2,12897,13484,6655,6618,0,0,2011,2211,2101,148,0,0,1
849,140000,2,2,2,23,0,0,0,0,0,0,44733,44144,44739,43455,43980,44614,2100,2027,1800,1600,1750,1700,0
120,20000,1,1,2,27,0,0,0,0,0,0,19115,18962,19298,19378,19717,15630,1404,1130,600,861,313,0,0
791,100000,2,2,1,30,0,0,0,0,0,0,97062,74352,75004,76705,78168,80347,2800,2700,5400,3500,3500,3200,0
65,20000,1,5,2,22,2,0,0,0,0,0,18565,17204,17285,18085,11205,5982,0,1200,1000,500,1000,0,0
487,30000,2,2,1,43,2,2,2,2,2,0,28703,26622,24022,24368,20859,19633,1300,2,1608,0,900,800,0
141,50000,1,1,2,28,0,0,0,0,0,3,4999,5913,7315,9195,10624,10138,1000,1500,2000,1583,1100,0,0
741,170000,1,3,2,38,0,0,0,0,0,0,21310,22957,24266,25556,29949,34434,2000,2000,2000,5000,5000,5000,0
669,30000,1,2,2,25,2,2,7,7,7,6,2400,2400,2400,2400,2400,1800,0,0,0,0,0,0,1
115,240000,2,2,2,38,0,0,0,0,-1,-1,50254,51445,53015,52479,1307,1203,2000,3000,3000,1307,1203,563,0
225,20000,2,3,2,24,1,2,0,0,0,0,19154,18165,17233,7630,1730,0,0,1333,500,100,0,3200,0
5,20000,1,3,2,35,-2,-2,-2,-2,-1,-1,0,0,0,0,13007,13912,0,0,0,13007,1122,0,0
673,200000,1,1,2,28,0,0,0,0,0,0,71989,122129,147936,149573,152574,156323,52129,30000,6000,6000,7000,10000,0
116,50000,1,3,2,37,2,2,2,3,2,2,46004,45976,48953,48851,49318,51143,1000,4035,1000,1400,2800,0,1
71,20000,1,2,2,24,0,0,2,0,0,0,14619,17216,16642,16976,17332,18543,2850,0,610,630,1500,0,0
896,360000,1,1,2,30,-2,-1,-1,-2,-2,-2,0,2500,0,0,0,0,2500,0,0,0,0,0,0
663,30000,2,2,1,35,0,0,0,0,0,0,25078,25538,25880,25873,26157,26918,1500,1387,893,1000,1501,2000,0
968,180000,2,3,1,39,2,2,2,2,2,0,10159,12689,12183,13979,13621,14809,2710,0,2000,0,2000,2000,1
110,50000,1,2,2,41,0,0,0,0,0,0,19015,19294,20259,20274,20311,19957,1340,1305,700,718,724,684,0
